day,symbol,tf,side,status,exit_reason,created_at,closed_at,entry,exit,notional,pnl_gross,fees,pnl_net,R_usdt,pnl_R
2025-09-04,1000LUNCUSDT,5,LONG,STOP,STOP,2025-09-04 18:40 -03,2025-09-04 19:20 -03,0.05834,0.05826,660.05,-1.0369237844813433,0.79206,-1.8289837844813432,1.2000600531367818,-1.5240768824032154
2025-09-04,AGIUSDT,15,LONG,STOP,STOP,2025-09-04 18:30 -03,2025-09-04 19:12 -03,0.04228,0.04184,121.89,-1.2926081724845353,0.146268,-1.4388761724845354,1.2000168519394512,-1.19904663851932
2025-09-04,BCHUSDT,5,LONG,STOP,STOP,2025-09-04 18:40 -03,2025-09-04 18:52 -03,590.6,589.2,595.92,-1.531500493025502,0.7151039999999999,-2.246604493025502,1.1999985443670054,-1.8721726818515243
2025-09-04,COSUSDT,5,LONG,CLOSED_TP3,TP3,2025-09-04 18:40 -03,2025-09-04 19:58 -03,0.00322,0.003241,775.9,2.8353659044032593,0.9310799999999999,1.9042859044032594,1.1999944099378677,1.5869123127847387
2025-09-04,IPUSDT,5,LONG,STOP,STOP,2025-09-04 18:45 -03,2025-09-04 19:01 -03,7.9483,7.9053,203.04,-1.1388229336798397,0.243648,-1.3824709336798398,1.200026098863919,-1.1520340557498239
2025-09-04,ONGUSDT,15,LONG,STOP,BE,2025-09-04 18:30 -03,2025-09-04 20:48 -03,0.1624,0.1624,180.98,0.41104114721532886,0.21717599999999995,0.1938651472153289,1.1999843238916499,0.1615563998257977
2025-09-04,SENDUSDT,5,LONG,CLOSED_TP3,TP3,2025-09-04 18:45 -03,2025-09-04 19:58 -03,0.528,0.5318,410.67,2.2982777176828075,0.4928040000000001,1.8054737176828075,1.2000119624999408,1.5045464329551603
2025-09-05,SENDUSDT,15,LONG,CLOSED_TP3,TP3,2025-09-04 18:30 -03,2025-09-05 01:52 -03,0.5264,0.5363,190.8,2.5044924990783475,0.22896,2.2755324990783476,1.2000065881459148,1.8962666718306835
2025-09-04,SKYAIUSDT,5,LONG,STOP,STOP,2025-09-04 18:45 -03,2025-09-04 19:09 -03,0.04415,0.04396,207.33,-0.9335303078978632,0.24879600000000002,-1.1823263078978632,1.2000251007927452,-0.9852513144240149
2025-09-05,SPECUSDT,5,LONG,CLOSED_TP3,TP3,2025-09-04 18:50 -03,2025-09-05 02:45 -03,0.4352,0.4416,205.66,2.411008983660461,0.246792,2.164216983660461,1.1999778984375131,1.8035473707294776
2025-09-04,TOKENUSDT,15,LONG,STOP,STOP,2025-09-04 18:30 -03,2025-09-04 21:06 -03,0.01225,0.01213,93.33,-0.9327343624821248,0.111996,-1.044730362482125,1.1999571428571403,-0.8706397296778325
2025-09-04,WALUSDT,5,LONG,STOP,BE,2025-09-04 18:50 -03,2025-09-04 19:12 -03,0.4103,0.4103,600.7,0.38278155106742,0.72084,-0.33805844893258,1.1999945113331862,-0.281716662651231
2025-09-04,BABYUSDT,15,LONG,STOP,STOP,2025-09-04 18:45 -03,2025-09-04 20:52 -03,0.04463,0.04428,50.0,-0.4020335138791745,0.06,-0.4620335138791745,0.552755993726189,-0.8358724629371375
2025-09-04,DEGENUSDT,5,LONG,STOP,STOP,2025-09-04 18:55 -03,2025-09-04 19:15 -03,0.003068,0.003059,50.0,-0.15664502650125786,0.06,-0.21664502650125786,0.1989895697522802,-1.0887255385845436
2025-09-04,DYDXUSDT,5,LONG,STOP,STOP,2025-09-04 18:55 -03,2025-09-04 19:48 -03,0.5727,0.571,50.0,-0.15838908513549424,0.06,-0.21838908513549424,0.2132757115418235,-1.0239754145312885
2025-09-04,IDUSDT,5,LONG,STOP,BE,2025-09-04 18:55 -03,2025-09-04 19:22 -03,0.1543,0.1543,50.0,0.023727990130338994,0.06,-0.036272009869661004,0.09374270900842438,-0.38693153049802886
2025-09-04,KASUSDT,5,LONG,STOP,STOP,2025-09-04 18:55 -03,2025-09-04 19:44 -03,0.08206,0.08203,50.0,0.04173235491465098,0.06,-0.01826764508534902,0.12828418230563554,-0.142399824803237
2025-09-04,KMNOUSDT,5,LONG,STOP,STOP,2025-09-04 18:55 -03,2025-09-04 19:44 -03,0.05381,0.05379,50.0,0.022126638850705472,0.06,-0.03787336114929453,0.12693737223564605,-0.298362574254228
2025-09-04,MTLUSDT,5,LONG,STOP,STOP,2025-09-04 19:00 -03,2025-09-04 19:09 -03,0.6923,0.6913,50.0,-0.0822075816396408,0.06,-0.1422075816396408,0.1009829553661675,-1.4082335095461553
2025-09-04,ONTUSDT,5,LONG,CLOSED_TP3,TP3,2025-09-04 19:00 -03,2025-09-04 21:13 -03,0.1345,0.1357,50.0,0.33065466687531464,0.06,0.27065466687531464,0.17923420074349145,1.5100615047384753
2025-09-04,PERPUSDT,5,LONG,CLOSED_TP3,TP3,2025-09-04 19:00 -03,2025-09-04 19:58 -03,0.2548,0.256,50.0,0.16570556445139556,0.06,0.10570556445139556,0.07568877551020085,1.3965817750235534
2025-09-04,PORTALUSDT,5,LONG,STOP,STOP,2025-09-04 19:00 -03,2025-09-04 19:21 -03,0.04003,0.03986,50.0,-0.2222972806391649,0.06,-0.2822972806391649,0.260966774918806,-1.081736480542381
2025-09-04,POWRUSDT,5,LONG,STOP,STOP,2025-09-04 19:00 -03,2025-09-04 19:21 -03,0.156,0.1556,50.0,-0.13817848984332776,0.06,-0.19817848984332775,0.15453205128204872,-1.2824426272684135
2025-09-04,RIFUSDT,5,LONG,CLOSED_TP3,TP3,2025-09-04 19:00 -03,2025-09-04 20:02 -03,0.05519,0.05542,50.0,0.19139325422412656,0.06,0.13139325422412657,0.08590324334118088,1.5295493989938604
2025-09-04,SCRUSDT,5,LONG,CLOSED_TP3,TP3,2025-09-04 19:00 -03,2025-09-04 22:46 -03,0.3188,0.321,50.0,0.288258501627885,0.06,0.22825850162788502,0.14619510664994131,1.5613279189599787
2025-09-04,SIRENUSDT,5,LONG,STOP,STOP,2025-09-04 19:00 -03,2025-09-04 19:09 -03,0.09298,0.09247,50.0,-0.2841966825042626,0.06,-0.3441966825042626,0.4113787911378801,-0.8366903931829087
2025-09-04,SUIUSDT,5,LONG,CLOSED_TP3,TP3,2025-09-04 19:00 -03,2025-09-04 20:15 -03,3.287,3.3166,50.0,0.3458324687762481,0.06,0.2858324687762481,0.16648372376026696,1.716879358055691
2025-09-04,SYSUSDT,5,LONG,STOP,STOP,2025-09-04 19:00 -03,2025-09-04 19:12 -03,0.03847,0.03836,50.0,-0.15293895616936926,0.06,-0.21293895616936925,0.19425526384196004,-1.0961811379413104
2025-09-04,THEUSDT,5,LONG,CLOSED_TP3,TP3,2025-09-04 19:00 -03,2025-09-04 20:03 -03,0.3274,0.3299,50.0,0.336444669522055,0.06,0.276444669522055,0.14726481368356426,1.8771943046494892
2025-09-04,USDEUSDT,5,LONG,CLOSED_TP3,TP3,2025-09-04 19:00 -03,2025-09-04 19:15 -03,1.0001,1.0002,50.0,-4.999000119598725e-07,0.06,-0.06000049990001196,0.0016068393160718598,-37.34069691964686
2025-09-04,XNOUSDT,5,LONG,CLOSED_TP3,TP3,2025-09-04 19:00 -03,2025-09-04 20:00 -03,0.8596,0.8679,50.0,0.38368894613563476,0.06,0.32368894613563476,0.16546300604932257,1.9562617280091412
2025-09-05,YFIUSDT,15,LONG,CLOSED_TP3,TP3,2025-09-04 18:45 -03,2025-09-05 04:22 -03,5174.0,5246.0,50.0,0.5249049892073053,0.06,0.46490498920730533,0.29508807779281226,1.5754787271809918
2025-09-04,ZETAUSDT,5,LONG,STOP,STOP,2025-09-04 19:00 -03,2025-09-04 19:17 -03,0.1768,0.1765,50.0,-0.09482366243014345,0.06,-0.15482366243014345,0.104536199095016,-1.4810531066795312
2025-09-05,ZORAUSDT,15,LONG,CLOSED_TP3,TP3,2025-09-04 18:45 -03,2025-09-05 05:25 -03,0.069817,0.073529,50.0,1.85958909587649,0.06,1.79958909587649,0.9940916968646565,1.8102848072792024
2025-09-04,DASHUSDT,5,LONG,STOP,BE,2025-09-04 19:05 -03,2025-09-04 19:44 -03,23.32,23.32,50.0,0.041174184468349,0.06,-0.018825815531650997,0.12405047169811195,-0.15175932242696605
2025-09-04,DOODUSDT,5,LONG,CLOSED_TP3,TP3,2025-09-04 19:05 -03,2025-09-04 22:46 -03,0.002837,0.00288,50.0,0.5608586127640298,0.06,0.5008586127640298,0.2916813535424696,1.7171430627330224
2025-09-04,ETHBTCUSDT,5,LONG,STOP,STOP,2025-09-04 19:05 -03,2025-09-04 19:19 -03,0.039105,0.039039,50.0,-0.09437030980446741,0.06,-0.15437030980446742,0.08938754634957091,-1.7269778185964095
2025-09-04,FISUSDT,5,LONG,STOP,STOP,2025-09-04 19:05 -03,2025-09-04 19:17 -03,0.10908,0.10867,50.0,-0.19789687697896663,0.06,-0.2578968769789666,0.20332324899156778,-1.268408203479289
2025-09-04,GTCUSDT,5,LONG,STOP,STOP,2025-09-04 19:05 -03,2025-09-04 19:42 -03,0.3182,0.3171,50.0,-0.18281169997394095,0.06,-0.24281169997394095,0.1919280326838503,-1.2651184747665691
2025-09-04,GUSDT,5,LONG,CLOSED_TP3,TP3,2025-09-04 19:05 -03,2025-09-04 19:31 -03,0.01099,0.01103,50.0,0.13192948221102055,0.06,0.07192948221102055,0.07311191992720643,0.9838270186672273
2025-09-04,BBUSDT,15,LONG,STOP,STOP,2025-09-04 19:00 -03,2025-09-04 20:50 -03,0.1289,0.1278,50.0,-0.43660102570036546,0.06,-0.49660102570036546,0.5361287820015531,-0.9262719002818373
2025-09-05,OSMOUSDT,15,LONG,CLOSED_TP3,TP3,2025-09-04 19:00 -03,2025-09-05 04:26 -03,0.1635,0.1655,50.0,0.4350176603134769,0.06,0.3750176603134769,0.2408256880733934,1.5572161894921586
2025-09-04,EPTUSDT,15,LONG,STOP,STOP,2025-09-04 19:15 -03,2025-09-04 19:46 -03,0.004269,0.004215,50.0,-0.6423391392413897,0.06,-0.7023391392413898,0.8376669009135559,-0.8384468080037802
2025-09-04,GUSDT,15,LONG,STOP,BE,2025-09-04 19:15 -03,2025-09-04 20:47 -03,0.01103,0.01103,50.0,0.06643936694272079,0.06,0.006439366942720792,0.22583862194016668,0.028513134234527997
2025-09-04,STXUSDT,15,LONG,STOP,STOP,2025-09-04 19:15 -03,2025-09-04 20:41 -03,0.6164,0.6126,50.0,-0.31817875967106735,0.06,-0.37817875967106734,0.4471528228423127,-0.8457483445305926
2025-09-05,HNTUSDT,15,SHORT,STOP,STOP,2025-09-04 19:30 -03,2025-09-05 01:52 -03,2.327,2.37,50.0,-0.9341222046570733,0.06,-0.9941222046570732,1.181011817791148,-0.8417546629773652
2025-09-04,OSMOUSDT,15,LONG,STOP,STOP,2025-09-04 19:30 -03,2025-09-04 19:51 -03,0.1646,0.1639,50.0,-0.2225931720315232,0.06,-0.28259317203152323,0.2831530984204125,-0.9980225313019253
2025-09-04,VOXELUSDT,15,LONG,STOP,STOP,2025-09-04 19:30 -03,2025-09-04 20:41 -03,0.05472,0.05434,50.0,-0.3571517848215146,0.06,-0.4171517848215146,0.5110471491228106,-0.8162686858493132
2025-09-04,MEWUSDT,15,LONG,STOP,STOP,2025-09-04 19:45 -03,2025-09-04 20:36 -03,0.002706,0.002687,50.0,-0.3610004853173209,0.06,-0.42100048531732087,0.49593495934958914,-0.8489026179349332
2025-09-04,NFPUSDT,15,LONG,STOP,STOP,2025-09-04 19:45 -03,2025-09-04 20:41 -03,0.06105,0.06055,50.0,-0.41941751770768676,0.06,-0.47941751770768676,0.5528255528255545,-0.8672130209201242
2025-09-04,PIXELUSDT,15,LONG,STOP,STOP,2025-09-04 19:45 -03,2025-09-04 20:32 -03,0.02839,0.0282,50.0,-0.3445569497294737,0.06,-0.4045569497294737,0.4613596336738325,-0.8768798139272918
2025-09-04,RAREUSDT,15,LONG,STOP,STOP,2025-09-04 19:45 -03,2025-09-04 20:54 -03,0.05329,0.05293,50.0,-0.3477058937003598,0.06,-0.4077058937003598,0.4855507599924977,-0.8396771816537972
2025-09-04,RPLUSDT,15,LONG,STOP,STOP,2025-09-04 19:45 -03,2025-09-04 20:36 -03,6.501,6.446,50.0,-0.4329262505221596,0.06,-0.4929262505221596,0.5698299492385775,-0.8650409673637218
2025-09-04,RUNEUSDT,15,LONG,STOP,STOP,2025-09-04 19:45 -03,2025-09-04 20:41 -03,1.186,1.178,50.0,-0.34719968138093116,0.06,-0.40719968138093116,0.4404059865092752,-0.9246006953912178
2025-09-04,SANDUSDT,15,LONG,STOP,STOP,2025-09-04 19:45 -03,2025-09-04 20:30 -03,0.2743,0.2728,50.0,-0.2833675801213198,0.06,-0.3433675801213198,0.3954866934013905,-0.8682152543949854
2025-09-04,SOPHUSDT,15,LONG,STOP,STOP,2025-09-04 19:45 -03,2025-09-04 20:34 -03,0.02923,0.02908,50.0,-0.26653338771493224,0.06,-0.32653338771493223,0.37387957577831216,-0.8733651391231563
2025-09-04,SSVUSDT,15,LONG,STOP,STOP,2025-09-04 19:45 -03,2025-09-04 20:36 -03,8.911,8.844,50.0,-0.3858636692721761,0.06,-0.4458636692721761,0.4833512512624886,-0.9224423607213245
2025-09-04,STORJUSDT,15,LONG,STOP,STOP,2025-09-04 19:45 -03,2025-09-04 20:48 -03,0.2504,0.2493,50.0,-0.22960363708038148,0.06,-0.2896036370803815,0.2406869009584642,-1.2032380487975078
2025-09-04,UNIUSDT,15,LONG,STOP,STOP,2025-09-04 19:45 -03,2025-09-04 20:34 -03,9.366,9.312,50.0,-0.29821809619166045,0.06,-0.35821809619166045,0.4041022314755536,-0.886454140289327
2025-09-04,VIRTUALUSDT,15,LONG,STOP,STOP,2025-09-04 19:45 -03,2025-09-04 20:17 -03,1.0728,1.0608,50.0,-0.5691712707923765,0.06,-0.6291712707923764,0.6838744407158833,-0.9200099218999276
2025-09-04,VTHOUSDT,15,LONG,STOP,STOP,2025-09-04 19:45 -03,2025-09-04 20:32 -03,0.001813,0.001807,50.0,-0.17543750313330472,0.06,-0.23543750313330472,0.23496966354109605,-1.0019910638043998
2025-09-04,WAXPUSDT,15,LONG,STOP,STOP,2025-09-04 19:45 -03,2025-09-04 20:34 -03,0.01953,0.01943,50.0,-0.265964186991437,0.06,-0.325964186991437,0.31682027649770184,-1.028861506576589
2025-09-04,XEMUSDT,15,LONG,STOP,STOP,2025-09-04 19:45 -03,2025-09-04 20:36 -03,0.002329,0.00231,50.0,-0.41781781461183676,0.06,-0.47781781461183676,0.4864748819235788,-0.9822044927016356
2025-09-04,ZEREBROUSDT,15,LONG,STOP,STOP,2025-09-04 19:45 -03,2025-09-04 20:50 -03,0.01948,0.01936,50.0,-0.3179456181691923,0.06,-0.3779456181691923,0.46201232032854106,-0.8180422935484314
2025-09-04,1000CATUSDT,15,LONG,STOP,STOP,2025-09-04 19:45 -03,2025-09-04 20:32 -03,0.006941,0.006887,50.0,-0.3989141497894641,0.06,-0.4589141497894641,0.5464630456706501,-0.8397899060608187
2025-09-04,1000TURBOUSDT,15,LONG,STOP,STOP,2025-09-04 19:45 -03,2025-09-04 20:36 -03,3.7341,3.6993,50.0,-0.475881551396557,0.06,-0.535881551396557,0.6021244744382831,-0.8899846695261415
2025-09-04,ADAUSDT,15,LONG,STOP,STOP,2025-09-04 19:45 -03,2025-09-04 20:34 -03,0.8167,0.8123,50.0,-0.2793218902672018,0.06,-0.3393218902672018,0.37093975756091696,-0.9147627973296371
2025-09-04,AI16ZUSDT,15,LONG,STOP,STOP,2025-09-04 19:45 -03,2025-09-04 20:50 -03,0.0883,0.0875,50.0,-0.46290954143544427,0.06,-0.5229095414354443,0.6734371460928628,-0.7764786134374274
2025-09-04,ALGOUSDT,15,LONG,STOP,STOP,2025-09-04 19:45 -03,2025-09-04 20:36 -03,0.2295,0.2279,50.0,-0.3585131682910155,0.06,-0.4185131682910155,0.441176470588235,-0.9486298481263024
2025-09-04,ATAUSDT,15,LONG,STOP,STOP,2025-09-04 19:45 -03,2025-09-04 20:36 -03,0.04399,0.04374,50.0,-0.2940976645686236,0.06,-0.35409766456862357,0.3580359172539166,-0.9890003977380291
2025-09-04,BTCUSDT,15,LONG,STOP,STOP,2025-09-04 19:45 -03,2025-09-04 20:30 -03,111450.4,111020.0,50.0,-0.20305076510358597,0.06,-0.26305076510358594,0.26809411566490826,-0.9811881340669706
2025-09-04,CARVUSDT,15,LONG,STOP,BE,2025-09-04 19:45 -03,2025-09-04 21:48 -03,0.2944,0.2944,50.0,0.13175231389904737,0.06,0.07175231389904738,0.42307574728260605,0.1695968496419585
2025-09-04,CGPTUSDT,15,LONG,STOP,STOP,2025-09-04 19:45 -03,2025-09-04 20:41 -03,0.07708,0.0765,50.0,-0.3861562468558479,0.06,-0.44615624685584787,0.5358523611831851,-0.8326103963985819
2025-09-04,CHESSUSDT,15,LONG,STOP,STOP,2025-09-04 19:45 -03,2025-09-04 20:34 -03,0.0699,0.06947,50.0,-0.31751975017089956,0.06,-0.37751975017089956,0.38741773962803855,-0.9744513778159923
2025-09-04,CUSDT,15,LONG,STOP,STOP,2025-09-04 19:45 -03,2025-09-04 20:50 -03,0.21567,0.2134,50.0,-0.5361607391910698,0.06,-0.5961607391910697,0.7280474799462162,-0.8188487092010956
2025-09-04,DOTUSDT,15,LONG,STOP,STOP,2025-09-04 19:45 -03,2025-09-04 20:30 -03,3.7964,3.7778,50.0,-0.2549189291375356,0.06,-0.3149189291375356,0.3551767463913131,-0.8866541301962834
2025-09-04,FISUSDT,15,SHORT,CLOSED_TP3,TP3,2025-09-04 19:45 -03,2025-09-04 22:05 -03,0.10653,0.10366,50.0,1.0772911516252544,0.06,1.0172911516252543,0.5536656340936805,1.837374561436349
2025-09-04,FLOWUSDT,15,LONG,STOP,STOP,2025-09-04 19:45 -03,2025-09-04 20:34 -03,0.4,0.3974,50.0,-0.33493400659934525,0.06,-0.39493400659934524,0.4339287499999997,-0.9101356077451552
2025-09-04,GASUSDT,15,LONG,STOP,STOP,2025-09-04 19:45 -03,2025-09-04 20:36 -03,3.189,3.172,50.0,-0.27648693268020047,0.06,-0.33648693268020047,0.32253731577296874,-1.0432496217493505
2025-09-04,GLMRUSDT,15,LONG,STOP,STOP,2025-09-04 19:45 -03,2025-09-04 20:34 -03,0.06688,0.06654,50.0,-0.26413477073344743,0.06,-0.32413477073344743,0.343630382775128,-0.9432657500066329
2025-09-04,GNOUSDT,15,LONG,STOP,STOP,2025-09-04 19:45 -03,2025-09-04 22:14 -03,131.38,131.36,50.0,0.11087370483533751,0.06,0.05087370483533751,0.3015380689602738,0.16871403670771626
2025-09-05,HAEDALUSDT,15,LONG,CLOSED_TP3,TP3,2025-09-04 19:45 -03,2025-09-05 04:30 -03,0.13133,0.13597,50.0,1.2349968079412292,0.06,1.1749968079412292,0.7109952029239298,1.6526086295788178
2025-09-04,HYPEUSDT,15,LONG,STOP,STOP,2025-09-04 19:45 -03,2025-09-04 20:52 -03,45.771,45.39,50.0,-0.4261181668422922,0.06,-0.4861181668422922,0.5898931637936675,-0.8240783190569849
2025-09-04,IDUSDT,15,LONG,STOP,STOP,2025-09-04 19:45 -03,2025-09-04 20:36 -03,0.1552,0.1544,50.0,-0.2676794176252451,0.06,-0.3276794176252451,0.3520811855670106,-0.9306927806935563
2025-09-04,JSTUSDT,15,LONG,STOP,STOP,2025-09-04 19:45 -03,2025-09-04 21:09 -03,0.03391,0.0338,50.0,-0.17216060759008384,0.06,-0.23216060759008383,0.1872014155116417,-1.24016480834594
2025-09-04,KMNOUSDT,15,LONG,STOP,STOP,2025-09-04 19:45 -03,2025-09-04 20:54 -03,0.0542,0.05388,50.0,-0.3051429174425748,0.06,-0.3651429174425748,0.42995387453874445,-0.8492606743788529
2025-09-04,L3USDT,15,LONG,STOP,STOP,2025-09-04 19:45 -03,2025-09-04 20:36 -03,0.03795,0.03766,50.0,-0.39200427783308855,0.06,-0.45200427783308855,0.5081818181818241,-0.8894538562010584
2025-09-04,LPTUSDT,15,LONG,STOP,STOP,2025-09-04 19:45 -03,2025-09-04 20:52 -03,6.668,6.606,50.0,-0.4748130465897648,0.06,-0.5348130465897648,0.5025334433113376,-1.0642337414714682
2025-09-04,MAGICUSDT,15,LONG,STOP,STOP,2025-09-04 19:45 -03,2025-09-04 20:48 -03,0.1968,0.1955,50.0,-0.34021750263997913,0.06,-0.40021750263997913,0.4654827235772383,-0.859790240042218
2025-09-04,MANTAUSDT,15,LONG,STOP,STOP,2025-09-04 19:45 -03,2025-09-04 20:34 -03,0.1933,0.1917,50.0,-0.4237806948741131,0.06,-0.48378069487411307,0.5653673047077101,-0.855692734344133
2025-09-04,TANSSIUSDT,15,LONG,STOP,STOP,2025-09-04 20:00 -03,2025-09-04 20:41 -03,0.03958,0.03887,50.0,-0.9067372696787861,0.06,-0.9667372696787861,1.106480545730172,-0.8737047148360222
2025-09-04,ARKUSDT,15,LONG,STOP,STOP,2025-09-04 20:00 -03,2025-09-04 20:41 -03,0.4276,0.4256,50.0,-0.24381565585255624,0.06,-0.3038156558525562,0.3269913470533228,-0.9291244511219825
2025-09-04,HFTUSDT,15,LONG,CLOSED_TP3,TP3,2025-09-04 20:00 -03,2025-09-04 21:46 -03,0.08791,0.09039,50.0,1.0356767758555772,0.06,0.9756767758555771,0.5137128881810952,1.8992647416539594
2025-09-05,INUSDT,15,SHORT,STOP,STOP,2025-09-04 20:00 -03,2025-09-05 04:30 -03,0.05865,0.05872,50.0,0.48061136889477596,0.06,0.42061136889477596,1.3879283887468068,0.3030497627291534
2025-09-04,HNTUSDT,15,SHORT,STOP,STOP,2025-09-04 20:15 -03,2025-09-04 21:01 -03,2.293,2.328,50.0,-0.7733459782960354,0.06,-0.8333459782960353,1.110912123855216,-0.750145722961472
2025-09-04,SKATEUSDT,15,LONG,STOP,STOP,2025-09-04 21:00 -03,2025-09-04 23:40 -03,0.04044,0.04002,50.0,-0.5291829867458375,0.06,-0.5891829867458376,0.7471439169139471,-0.7885803168677838
2025-09-05,SWELLUSDT,15,LONG,STOP,STOP,2025-09-04 21:00 -03,2025-09-05 00:02 -03,0.00912,0.00909,50.0,0.15282994726843319,0.06,0.09282994726843319,0.7137061403508804,0.13006746337196295
2025-09-05,YALAUSDT,15,LONG,STOP,STOP,2025-09-04 21:00 -03,2025-09-05 06:14 -03,0.1147,0.1134,50.0,-0.5765814002732219,0.06,-0.636581400273222,0.7986660854402833,-0.7970557556883008
2025-09-04,ZECUSDT,15,LONG,CLOSED_TP3,TP3,2025-09-04 21:00 -03,2025-09-04 23:16 -03,40.99,41.69,50.0,0.6515584108825012,0.06,0.5915584108825012,0.35091311295437555,1.6857688956166579
2025-09-05,1000RATSUSDT,15,LONG,CLOSED_TP3,TP3,2025-09-04 21:00 -03,2025-09-05 02:30 -03,0.01865,0.01958,50.0,1.5945724462406303,0.06,1.5345724462406303,0.8014209115281483,1.9148145801617649
2025-09-04,AINUSDT,15,LONG,STOP,STOP,2025-09-04 21:00 -03,2025-09-04 22:11 -03,0.10232,0.10102,50.0,-0.6451338837969177,0.06,-0.7051338837969177,0.9267152071931218,-0.7608959886745141
2025-09-04,ARKUSDT,15,LONG,STOP,STOP,2025-09-04 21:00 -03,2025-09-04 22:15 -03,0.4288,0.4265,50.0,-0.2781356659110237,0.06,-0.3381356659110237,0.38229594216417684,-0.8844866728033735
2025-09-05,AVAUSDT,15,LONG,CLOSED_TP3,TP3,2025-09-04 21:00 -03,2025-09-05 04:51 -03,0.524,0.5366,50.0,0.8697221880865353,0.06,0.8097221880865353,0.5152671755725152,1.5714608391012876
2025-09-04,BANKUSDT,15,LONG,STOP,STOP,2025-09-04 21:00 -03,2025-09-04 22:09 -03,0.06369,0.06308,50.0,-0.48878531835935735,0.06,-0.5487853183593574,0.557669963887586,-0.9840682731659194
2025-09-04,BRUSDT,15,LONG,STOP,STOP,2025-09-04 21:00 -03,2025-09-04 21:38 -03,0.06825,0.06766,50.0,-0.44214699409181013,0.06,-0.5021469940918102,0.51216849816849,-0.9804331892482325
2025-09-05,CELRUSDT,15,LONG,CLOSED_TP3,TP3,2025-09-04 21:00 -03,2025-09-05 04:46 -03,0.007505,0.007691,50.0,0.8581387031183634,0.06,0.7981387031183633,0.48287808127914567,1.6528783021256446
2025-09-05,CHESSUSDT,15,LONG,CLOSED_TP3,TP3,2025-09-04 21:00 -03,2025-09-05 04:51 -03,0.07005,0.07161,50.0,0.7927793944374257,0.06,0.7327793944374257,0.4680299785867264,1.56566764515842
2025-09-04,COSUSDT,15,LONG,STOP,STOP,2025-09-04 21:00 -03,2025-09-04 21:57 -03,0.003253,0.00324,50.0,-0.20977459585734934,0.06,-0.2697745958573493,0.2766676913618233,-0.9750852892488293
2025-09-04,CROSSUSDT,15,LONG,STOP,STOP,2025-09-04 21:00 -03,2025-09-04 21:27 -03,0.21816,0.21457,50.0,-0.8326250708262489,0.06,-0.8926250708262489,0.767622387238725,-1.162843978583247
2025-09-05,DMCUSDT,15,LONG,CLOSED_TP3,TP3,2025-09-04 21:00 -03,2025-09-05 02:53 -03,0.0033413,0.0034388,50.0,1.0341627376184386,0.06,0.9741627376184385,0.6106904498249129,1.5951825313425718
2025-09-04,FIOUSDT,15,LONG,STOP,STOP,2025-09-04 21:00 -03,2025-09-04 21:40 -03,0.01931,0.01914,50.0,-0.45009740351702493,0.06,-0.5100974035170249,0.62421025375453,-0.8171884400310094
2025-09-04,FLUXUSDT,15,LONG,STOP,STOP,2025-09-04 21:00 -03,2025-09-04 23:46 -03,0.1955,0.194,50.0,-0.3935539949841361,0.06,-0.4535539949841361,0.5590051150895089,-0.81135929303887
2025-09-05,GUSDT,15,LONG,CLOSED_TP3,TP3,2025-09-04 21:00 -03,2025-09-05 03:01 -03,0.01111,0.01129,50.0,0.5822505058225055,0.06,0.5222505058225055,0.3254725472547287,1.6045915707101712
2025-09-05,HIGHUSDT,15,LONG,CLOSED_TP3,TP3,2025-09-04 21:00 -03,2025-09-05 04:57 -03,0.5032,0.5149,50.0,0.8000670521183164,0.06,0.7400670521183164,0.43915341812401215,1.6852130066065647
2025-09-04,HIVEUSDT,15,LONG,STOP,STOP,2025-09-04 21:00 -03,2025-09-04 23:18 -03,0.1997,0.1987,50.0,-0.26032449333935265,0.06,-0.32032449333935265,0.313863294942416,-1.02058602742357
2025-09-04,ICNTUSDT,15,LONG,STOP,STOP,2025-09-04 21:00 -03,2025-09-04 22:01 -03,0.2734,0.2704,50.0,-0.5585359532810377,0.06,-0.6185359532810377,0.7524305047549416,-0.822050607162037
2025-09-05,KDAUSDT,15,LONG,CLOSED_TP3,TP3,2025-09-04 21:00 -03,2025-09-05 04:57 -03,0.3462,0.3553,50.0,0.9088317049288726,0.06,0.8488317049288725,0.49439774696707245,1.716900431153069
2025-09-04,LSKUSDT,15,LONG,STOP,STOP,2025-09-04 21:00 -03,2025-09-04 22:18 -03,0.3622,0.3603,50.0,-0.27223257795700395,0.06,-0.33223257795700395,0.31060187741578876,-1.0696412420980288
2025-09-05,LUMIAUSDT,15,LONG,CLOSED_TP3,TP3,2025-09-04 21:00 -03,2025-09-05 04:57 -03,0.2988,0.3098,50.0,1.1894928311720392,0.06,1.1294928311720391,0.6050987282463138,1.8666256900679907
2025-09-04,MAVIAUSDT,15,LONG,CLOSED_TP3,TP3,2025-09-04 21:00 -03,2025-09-04 21:38 -03,0.1397,0.145,50.0,1.5846768937995281,0.06,1.524676893799528,0.7535289906943452,2.023381864040297
2025-09-04,MOCAUSDT,15,LONG,STOP,STOP,2025-09-04 21:00 -03,2025-09-04 21:29 -03,0.06667,0.06611,50.0,-0.4298940137484651,0.06,-0.4898940137484651,0.5363581820909027,-0.9133710086023022
2025-09-04,MTLUSDT,15,LONG,STOP,STOP,2025-09-04 21:00 -03,2025-09-04 22:20 -03,0.6969,0.6938,50.0,-0.23236806754107275,0.06,-0.29236806754107275,0.29633806858946765,-0.9866031351716247
2025-09-04,NFPUSDT,15,LONG,STOP,STOP,2025-09-04 21:00 -03,2025-09-04 22:09 -03,0.06145,0.06092,50.0,-0.4411576743057949,0.06,-0.5011576743057948,0.62245728234337,-0.8051278192442096
2025-09-04,OLUSDT,15,LONG,CLOSED_TP3,TP3,2025-09-04 21:00 -03,2025-09-04 22:24 -03,0.037,0.03826,50.0,1.2248775122487752,0.06,1.1648775122487751,0.6320000000000069,1.8431606206467759
2025-09-05,PHBUSDT,15,LONG,CLOSED_TP3,TP3,2025-09-04 21:00 -03,2025-09-05 04:51 -03,0.5335,0.5488,50.0,1.0422247372263753,0.06,0.9822247372263753,0.6145398313027247,1.5983093156780712
2025-09-05,PIPPINUSDT,15,LONG,CLOSED_TP3,TP3,2025-09-04 21:00 -03,2025-09-05 00:45 -03,0.01528,0.0158,50.0,1.426467300913884,0.06,1.366467300913884,0.6100458115183233,2.2399421078114243
2025-09-04,PUMPBTCUSDT,15,LONG,STOP,STOP,2025-09-04 21:00 -03,2025-09-04 22:18 -03,0.03619,0.03613,50.0,0.1914153569445555,0.06,0.1314153569445555,0.7394031500414523,0.1777316703846719
2025-09-04,QNTUSDT,15,LONG,STOP,STOP,2025-09-04 21:00 -03,2025-09-04 21:48 -03,101.34,100.98,50.0,-0.18758337310140724,0.06,-0.24758337310140724,0.25057091967633643,-0.9880770419057877
2025-09-05,RAREUSDT,15,LONG,CLOSED_TP3,TP3,2025-09-04 21:00 -03,2025-09-05 01:28 -03,0.05343,0.0548,50.0,0.9002066291592867,0.06,0.8402066291592867,0.4722440576455181,1.7791788283124854
2025-09-04,REDUSDT,15,LONG,CLOSED_TP3,TP3,2025-09-04 21:00 -03,2025-09-04 23:52 -03,0.4125,0.43,50.0,1.440068114400683,0.06,1.380068114400683,0.615584242424243,2.241883432502776
2025-09-05,RLCUSDT,15,LONG,STOP,STOP,2025-09-04 21:00 -03,2025-09-05 03:17 -03,1.2959,1.2726,50.0,-0.9088083397848992,0.06,-0.9688083397848992,1.3214063585153133,-0.7331645814641145
2025-09-04,SAFEUSDT,15,LONG,STOP,STOP,2025-09-04 21:00 -03,2025-09-04 22:01 -03,0.4187,0.4158,50.0,-0.35623975218909903,0.06,-0.41623975218909903,0.4817208024838743,-0.8640684604917653
2025-09-05,SCRTUSDT,15,LONG,CLOSED_TP3,TP3,2025-09-04 21:00 -03,2025-09-05 04:23 -03,0.1689,0.1723,50.0,0.6888328337089381,0.06,0.6288328337089382,0.3901302545885151,1.6118535445865165
2025-09-04,SKYAIUSDT,15,LONG,STOP,STOP,2025-09-04 21:15 -03,2025-09-04 23:00 -03,0.04505,0.04461,50.0,-0.4982476225185495,0.06,-0.5582476225185495,0.5921975582685872,-0.9426712669175851
2025-09-04,VVVUSDT,15,LONG,STOP,STOP,2025-09-04 21:15 -03,2025-09-04 23:19 -03,2.667,2.644,50.0,-0.4411088699903835,0.06,-0.5011088699903835,0.45797844019497536,-1.0941756773027267
2025-09-04,XCHUSDT,15,LONG,STOP,STOP,2025-09-04 21:15 -03,2025-09-04 21:40 -03,9.75,9.66,50.0,-0.4714451631759915,0.06,-0.5314451631759916,0.5686813333333327,-0.9345219053717116
2025-09-05,FISUSDT,15,SHORT,STOP,STOP,2025-09-04 21:15 -03,2025-09-05 02:18 -03,0.10497,0.105,50.0,0.27132750428515306,0.06,0.21132750428515307,0.8275316757168718,0.2553708945365564
2025-09-05,HFTUSDT,15,LONG,CLOSED_TP3,TP3,2025-09-04 21:15 -03,2025-09-05 03:33 -03,0.08996,0.09301,50.0,1.2425413750310192,0.06,1.1825413750310192,0.7217485549132943,1.6384395465441304
2025-09-04,MAVIAUSDT,15,LONG,STOP,STOP,2025-09-04 21:15 -03,2025-09-04 21:40 -03,0.1444,0.1412,50.0,-1.117810656607476,0.06,-1.177810656607476,1.0239404432132952,-1.1502726202622786
2025-09-05,EPTUSDT,15,LONG,STOP,STOP,2025-09-04 21:30 -03,2025-09-05 01:08 -03,0.004296,0.004228,50.0,-0.8012746211412433,0.06,-0.8612746211412432,0.9614757914338856,-0.8957839904183041
2025-09-04,L3USDT,15,LONG,STOP,STOP,2025-09-04 21:30 -03,2025-09-04 21:55 -03,0.03864,0.0382,50.0,-0.5792433179042392,0.06,-0.6392433179042392,0.6301242236024864,-1.0144718992861723
2025-09-05,NAORISUSDT,15,LONG,CLOSED_TP3,TP3,2025-09-04 21:30 -03,2025-09-05 05:22 -03,0.02391,0.02479,50.0,1.3865384686959943,0.06,1.3265384686959942,0.7461104140526958,1.7779385513339105
2025-09-04,AVAXUSDT,15,SHORT,STOP,STOP,2025-09-04 21:30 -03,2025-09-04 22:45 -03,23.942,24.129,50.0,-0.40060622050844696,0.06,-0.46060622050844696,0.5168741124383901,-0.8911381116293571
2025-09-04,CLOUDUSDT,15,LONG,STOP,STOP,2025-09-04 21:45 -03,2025-09-04 22:12 -03,0.08913,0.0882,50.0,-0.5316045305600665,0.06,-0.5916045305600666,0.7221586446763124,-0.8192168506481521
2025-09-05,PUNDIXUSDT,15,SHORT,STOP,STOP,2025-09-04 21:45 -03,2025-09-05 04:36 -03,0.3071,0.312,50.0,-0.8079463107496054,0.06,-0.8679463107496055,1.067590361445777,-0.8129956414876163
2025-09-04,SOLUSDT,15,SHORT,STOP,STOP,2025-09-04 21:45 -03,2025-09-04 22:35 -03,201.04,202.65,50.0,-0.4104989189726802,0.06,-0.4704989189726802,0.5388053546557884,-0.8732261379867964
2025-09-05,SWARMSUSDT,15,LONG,CLOSED_TP3,TP3,2025-09-04 21:45 -03,2025-09-05 00:02 -03,0.01961,0.02033,50.0,1.4856724424446988,0.06,1.4256724424446987,0.7867669556348829,1.81206446487607
2025-09-04,TRXUSDT,15,SHORT,STOP,STOP,2025-09-04 21:45 -03,2025-09-04 22:24 -03,0.33374,0.33464,50.0,-0.14486347058628224,0.06,-0.20486347058628224,0.17311979385149442,-1.1833624915358794
2025-09-05,ZBCNUSDT,15,LONG,STOP,STOP,2025-09-04 21:45 -03,2025-09-05 00:33 -03,0.0040029,0.0039534,50.0,-0.6281770833633837,0.06,-0.6881770833633838,0.9102150940568093,-0.7560598454769555
2025-09-05,ZEREBROUSDT,15,LONG,CLOSED_TP3,TP3,2025-09-04 21:45 -03,2025-09-05 00:19 -03,0.01969,0.02025,50.0,1.1739074949792978,0.06,1.1139074949792978,0.5713560182833913,1.9495856512126597
2025-09-04,10000WENUSDT,15,LONG,STOP,STOP,2025-09-04 21:45 -03,2025-09-04 22:16 -03,0.3221,0.3171,50.0,-0.7860002574719244,0.06,-0.8460002574719243,1.0852328469419417,-0.7795564425236975
2025-09-04,WALUSDT,15,LONG,CLOSED_TP3,TP3,2025-09-04 22:00 -03,2025-09-04 23:12 -03,0.4152,0.423,50.0,0.6719559257946988,0.06,0.6119559257946987,0.3754648362235034,1.629862151539589
2025-09-05,SOONUSDT,15,SHORT,STOP,STOP,2025-09-04 22:00 -03,2025-09-05 02:09 -03,0.2805,0.2838,50.0,-0.598353953042357,0.06,-0.658353953042357,0.8651639928698803,-0.7609585679340364
2025-09-04,SUNUSDT,15,SHORT,STOP,STOP,2025-09-04 22:00 -03,2025-09-04 23:56 -03,0.021505,0.021603,50.0,-0.23790056289981032,0.06,-0.2979005628998103,0.3407812136712361,-0.8741695579123259
2025-09-04,SOONUSDT,15,SHORT,STOP,STOP,2025-09-04 22:15 -03,2025-09-04 23:14 -03,0.278,0.2829,50.0,-0.8914722407492491,0.06,-0.9514722407492491,0.9191924460431686,-1.03511755872781
2025-09-05,10000LADYSUSDT,15,LONG,CLOSED_TP3,TP3,2025-09-04 22:15 -03,2025-09-05 04:36 -03,0.0003071,0.0003173,50.0,1.06457768420488,0.06,1.00457768420488,0.5486812113318121,1.8308949959603533
2025-09-05,TNSRUSDT,15,LONG,CLOSED_TP3,TP3,2025-09-04 22:30 -03,2025-09-05 04:57 -03,0.1121,0.115,480.0,8.694752291050985,0.576,8.118752291050985,4.817127564674402,1.6853928367163236
2025-09-05,USTCUSDT,15,LONG,CLOSED_TP3,TP3,2025-09-04 22:30 -03,2025-09-05 03:02 -03,0.01319,0.01332,480.0,3.4815987696150748,0.576,2.9055987696150747,1.87159969673995,1.5524680703230496
2025-09-04,ZRXUSDT,15,LONG,CLOSED_TP3,TP3,2025-09-04 22:30 -03,2025-09-04 23:42 -03,0.2651,0.2717,480.0,8.854019162399144,0.576,8.278019162399143,5.0633210109392985,1.634899139223939
2025-09-04,NAORISUSDT,15,LONG,STOP,STOP,2025-09-04 22:30 -03,2025-09-04 22:56 -03,0.02428,0.02391,480.0,-7.409189888259909,0.576,-7.985189888259908,9.245733113673836,-0.8636621661131807
2025-09-05,PIPPINUSDT,15,LONG,CLOSED_TP3,TP3,2025-09-04 22:30 -03,2025-09-05 03:36 -03,0.01546,0.01593,480.0,12.596535947957609,0.576,12.020535947957608,6.237205692108682,1.9272309654892417
2025-09-05,PROMPTUSDT,15,LONG,CLOSED_TP3,TP3,2025-09-04 22:30 -03,2025-09-05 00:49 -03,0.17043,0.17967,480.0,19.309759219466194,0.576,18.733759219466194,10.754641788417514,1.7419231238033417
2025-09-04,SUNUSDT,15,SHORT,STOP,STOP,2025-09-04 22:45 -03,2025-09-04 23:54 -03,0.021458,0.021586,480.0,-2.9598500907038745,0.576,-3.5358500907038746,3.552017895423672,-0.9954482761078914
2025-09-04,TAIUSDT,15,LONG,STOP,STOP,2025-09-04 22:45 -03,2025-09-04 23:27 -03,0.05754,0.05695,480.0,-5.016799675611142,0.576,-5.5927996756111416,6.904525547445234,-0.8100194049800499
2025-09-04,WALUSDT,15,LONG,CLOSED_TP3,TP3,2025-09-04 22:45 -03,2025-09-04 23:56 -03,0.4199,0.4287,480.0,7.671928210846485,0.576,7.095928210846485,4.262237675637041,1.6648363490864961
2025-09-05,GUNUSDT,15,LONG,CLOSED_TP3,TP3,2025-09-04 22:45 -03,2025-09-05 03:45 -03,0.02165,0.02214,480.0,7.888393608676131,0.576,7.312393608676131,4.525302540415714,1.6158905494977984
2025-09-04,MAVUSDT,15,LONG,STOP,STOP,2025-09-04 23:00 -03,2025-09-04 23:38 -03,0.07885,0.07768,480.0,-7.216950340476468,0.576,-7.792950340476468,9.910706404565614,-0.7863163353206034
2025-09-05,MNTUSDT,15,LONG,STOP,STOP,2025-09-04 23:00 -03,2025-09-05 01:20 -03,1.1713,1.1707,480.0,2.4189913357337005,0.576,1.8429913357337004,7.78475744898833,0.2367435784365005
2025-09-04,VELVETUSDT,15,LONG,STOP,STOP,2025-09-04 23:00 -03,2025-09-04 23:36 -03,0.07559,0.07269,480.0,-18.507442019391178,0.576,-19.08344201939118,21.655943907924335,-0.8812103550198138
2025-09-05,WALUSDT,15,LONG,CLOSED_TP3,TP3,2025-09-04 23:00 -03,2025-09-05 01:22 -03,0.4236,0.4342,480.0,8.559642619307471,0.576,7.983642619307472,4.825983002832918,1.6543039241167996
2025-09-05,ZRXUSDT,15,LONG,CLOSED_TP3,TP3,2025-09-04 23:00 -03,2025-09-05 06:50 -03,0.2682,0.2757,480.0,10.420756582059955,0.576,9.844756582059954,5.551302013422807,1.7734139771635125
2025-09-05,CFXUSDT,15,LONG,STOP,STOP,2025-09-04 23:00 -03,2025-09-05 03:29 -03,0.17183,0.1709,480.0,-2.6933874150267996,0.576,-3.2693874150267996,3.807093057091293,-0.8587621489674557
2025-09-04,USD1USDT,15,SHORT,STOP,STOP,2025-09-04 23:15 -03,2025-09-04 23:46 -03,0.9975,0.9977,480.0,-0.19226945250910077,0.576,-0.7682694525091007,0.09280481203011003,-8.278336389063961
2025-09-04,ZRXUSDT,15,LONG,STOP,STOP,2025-09-04 23:15 -03,2025-09-04 23:58 -03,0.27,0.2686,480.0,0.6577187614571491,0.576,0.08171876145714918,5.45713777777775,0.014974656089849835
2025-09-05,COTIUSDT,15,LONG,STOP,STOP,2025-09-04 23:45 -03,2025-09-05 00:13 -03,0.04966,0.04921,480.0,-4.444697696964151,0.576,-5.020697696964151,5.266081353201718,-0.9534029879564285
2025-09-05,GPSUSDT,15,LONG,STOP,BE,2025-09-04 23:45 -03,2025-09-05 06:02 -03,0.01006,0.01006,480.0,3.3835175528173127,0.576,2.8075175528173126,10.35196819085489,0.27120616109480733
2025-09-05,GRIFFAINUSDT,15,LONG,STOP,BE,2025-09-04 23:45 -03,2025-09-05 00:59 -03,0.03351,0.03351,480.0,3.5119686598932374,0.576,2.9359686598932373,9.9220053715309,0.2959047642039561
2025-09-05,NSUSDT,15,LONG,STOP,STOP,2025-09-04 23:45 -03,2025-09-05 00:25 -03,0.1281,0.1266,480.0,-5.715475290878411,0.576,-6.29147529087841,7.467391100702625,-0.8425265539240914
2025-09-05,SWARMSUSDT,15,LONG,STOP,STOP,2025-09-04 23:45 -03,2025-09-05 01:29 -03,0.02027,0.01995,480.0,-7.672176048305387,0.576,-8.248176048305387,11.341213616181523,-0.7272745516879232
2025-09-05,BANUSDT,15,SHORT,STOP,STOP,2025-09-05 00:00 -03,2025-09-05 01:52 -03,0.09708,0.09814,480.0,-5.338096232367362,0.576,-5.914096232367362,7.588726823238597,-0.7793265418722026
2025-09-05,INUSDT,15,SHORT,STOP,STOP,2025-09-05 00:15 -03,2025-09-05 03:17 -03,0.05664,0.05765,480.0,-8.657043670468719,0.576,-9.233043670468719,12.63923728813561,-0.7305063952819156
2025-09-05,SUPERUSDT,15,LONG,CLOSED_TP3,TP3,2025-09-05 00:15 -03,2025-09-05 02:05 -03,0.5743,0.5898,480.0,8.906707448704818,0.576,8.330707448704818,4.7954030994253465,1.7372277733446686
2025-09-05,GTCUSDT,15,LONG,CLOSED_TP3,TP3,2025-09-05 00:30 -03,2025-09-05 04:31 -03,0.3253,0.3337,480.0,8.450386439991169,0.576,7.874386439991169,4.766593298493762,1.6519946105910623
2025-09-05,IPUSDT,15,LONG,STOP,STOP,2025-09-05 00:30 -03,2025-09-05 03:22 -03,8.1701,8.1592,480.0,2.5635305440460305,0.576,1.9875305440460305,9.080462466799691,0.21887988098766006
2025-09-05,PROMPTUSDT,15,LONG,STOP,STOP,2025-09-05 00:45 -03,2025-09-05 03:04 -03,0.17946,0.17564,480.0,-10.311265764095625,0.576,-10.887265764095625,14.168211300568313,-0.7684290933506135
2025-09-05,SEIUSDT,15,LONG,CLOSED_TP3,TP3,2025-09-05 00:45 -03,2025-09-05 04:57 -03,0.2846,0.2917,480.0,8.864676427648849,0.576,8.288676427648848,4.743499648629648,1.7473757861547157
2025-09-05,DASHUSDT,15,LONG,CLOSED_TP3,TP3,2025-09-05 00:45 -03,2025-09-05 04:36 -03,23.51,24.02,480.0,6.590898545194345,0.576,6.014898545194345,3.4453424074861614,1.7458057382409835
2025-09-05,DIAUSDT,15,LONG,CLOSED_TP3,TP3,2025-09-05 00:45 -03,2025-09-05 03:53 -03,0.7131,0.7282,480.0,7.049990836002629,0.576,6.4739908360026295,3.9810113588556932,1.626217624725271
2025-09-05,EDUUSDT,15,LONG,STOP,STOP,2025-09-05 00:45 -03,2025-09-05 01:12 -03,0.129,0.1285,480.0,-1.9560834614213714,0.576,-2.5320834614213714,2.4518325581395426,-1.032730988507112
2025-09-05,GORKUSDT,15,LONG,STOP,STOP,2025-09-05 00:45 -03,2025-09-05 02:05 -03,0.00935,0.00916,480.0,-9.848050489068818,0.576,-10.424050489068819,11.468149732620251,-0.9089566087037062
2025-09-05,GTCUSDT,15,LONG,CLOSED_TP3,TP3,2025-09-05 00:45 -03,2025-09-05 04:36 -03,0.3269,0.3359,480.0,9.628859077995475,0.576,9.052859077995475,4.719667176506508,1.918113871049778
2025-09-05,LAUSDT,15,LONG,CLOSED_TP3,TP3,2025-09-05 01:15 -03,2025-09-05 04:51 -03,0.3033,0.3113,480.0,7.546101967449102,0.576,6.970101967449103,3.637127596439117,1.916375431610673
2025-09-05,AKTUSDT,15,LONG,CLOSED_TP3,TP3,2025-09-05 01:15 -03,2025-09-05 04:36 -03,1.098,1.111,480.0,4.192017956674292,0.576,3.6160179566742916,2.248244808743108,1.6083737601048187
2025-09-05,1000000CHEEMSUSDT,15,SHORT,STOP,STOP,2025-09-05 01:30 -03,2025-09-05 04:03 -03,1.135,1.1383,480.0,-1.4918834614739218,0.576,-2.067883461473922,1.9710491629955997,-1.0491283019704862
2025-09-05,BMTUSDT,15,LONG,STOP,STOP,2025-09-05 01:30 -03,2025-09-05 06:20 -03,0.06226,0.06216,480.0,0.6244870919268718,0.576,0.04848709192687184,3.43216190170251,0.014127274095904396
2025-09-05,DASHUSDT,15,LONG,CLOSED_TP3,TP3,2025-09-05 01:30 -03,2025-09-05 04:36 -03,23.58,23.99,480.0,5.811978598577802,0.576,5.235978598577803,3.336968346056042,1.5690824891300506
2025-09-05,HPOS10IUSDT,15,LONG,CLOSED_TP3,TP3,2025-09-05 01:30 -03,2025-09-05 05:07 -03,0.07398,0.07676,480.0,14.30515180436532,0.576,13.72915180436532,7.361816707218117,1.8649135601140618
2025-09-05,IPUSDT,15,LONG,STOP,STOP,2025-09-05 01:30 -03,2025-09-05 02:57 -03,8.3332,8.208,480.0,-7.3061836042670825,0.576,-7.882183604267082,9.508163394614341,-0.8289911812760544
2025-09-05,SUPERUSDT,15,LONG,CLOSED_TP3,TP3,2025-09-05 01:30 -03,2025-09-05 04:26 -03,0.5858,0.6038,480.0,10.616967664790353,0.576,10.040967664790353,5.939127347217462,1.690646971813905
2025-09-05,XAIUSDT,15,LONG,CLOSED_TP3,TP3,2025-09-05 01:30 -03,2025-09-05 04:51 -03,0.04592,0.04685,480.0,7.154420446457118,0.576,6.578420446457119,4.115853658536567,1.5983125232873663
2025-09-05,WUSDT,15,LONG,STOP,STOP,2025-09-05 01:45 -03,2025-09-05 06:26 -03,0.07677,0.07671,480.0,1.5459707956519515,0.576,0.9699707956519515,5.104681516217228,0.19001592803986297
2025-09-05,1000000CHEEMSUSDT,15,SHORT,STOP,STOP,2025-09-05 01:45 -03,2025-09-05 02:15 -03,1.1311,1.1348,480.0,-1.6664766114132679,0.576,-2.242476611413268,2.2642921050304983,-0.9903654243333871
2025-09-05,FRAGUSDT,15,LONG,STOP,STOP,2025-09-05 01:45 -03,2025-09-05 02:11 -03,0.0407,0.04048,480.0,-2.6900661285222753,0.576,-3.2660661285222754,3.0137395577395405,-1.0837254069067577
2025-09-05,PROVEUSDT,15,LONG,STOP,STOP,2025-09-05 01:45 -03,2025-09-05 05:38 -03,0.8742,0.8676,480.0,-3.7191503910692543,0.576,-4.295150391069254,4.826943033630754,-0.8898282745712262
2025-09-05,MAGICUSDT,15,LONG,STOP,STOP,2025-09-05 02:00 -03,2025-09-05 03:29 -03,0.1997,0.1984,480.0,-3.2200525565870977,0.576,-3.7960525565870977,4.635521281922929,-0.8189052159873594
2025-09-05,RENDERUSDT,15,LONG,CLOSED_TP3,TP3,2025-09-05 02:00 -03,2025-09-05 04:51 -03,3.401,3.456,480.0,5.897426135069566,0.576,5.321426135069566,3.2209016171714246,1.6521542001468548
2025-09-05,SAPIENUSDT,15,SHORT,STOP,STOP,2025-09-05 02:00 -03,2025-09-05 04:47 -03,0.1566,0.16053,480.0,-12.1443960488003,0.576,-12.7203960488003,16.940873563218386,-0.750870136733593
2025-09-05,GUSDT,15,LONG,STOP,BE,2025-09-05 02:15 -03,2025-09-05 03:20 -03,0.01123,0.01123,480.0,0.907104587849271,0.576,0.331104587849271,2.6102938557435387,0.12684571398761396
2025-09-05,MEMEUSDT,15,LONG,STOP,STOP,2025-09-05 02:15 -03,2025-09-05 02:33 -03,0.002553,0.002522,480.0,-5.923261962875436,0.576,-6.499261962875436,7.64465334900111,-0.8501709189632076
2025-09-05,REDUSDT,15,LONG,CLOSED_TP3,TP3,2025-09-05 02:15 -03,2025-09-05 04:51 -03,0.4601,0.6844,480.0,151.07168961434655,0.576,150.49568961434656,21.226442947185365,7.0900098518062045
2025-09-05,SUPERUSDT,15,LONG,STOP,STOP,2025-09-05 02:15 -03,2025-09-05 05:28 -03,0.5963,0.595,480.0,1.9015411891646463,0.576,1.3255411891646465,7.361105483816811,0.18007365769704192
2025-09-05,AIUSDT,15,LONG,STOP,STOP,2025-09-05 02:15 -03,2025-09-05 03:20 -03,0.1214,0.1206,480.0,-3.25845504411661,0.576,-3.83445504411661,4.193911037891294,-0.914290982682499
2025-09-05,AXLUSDT,15,LONG,CLOSED_TP3,TP3,2025-09-05 02:30 -03,2025-09-05 03:06 -03,0.3035,0.3124,480.0,12.043316261454576,0.576,11.467316261454576,5.744405930807258,1.9962579942262333
2025-09-05,BANANAS31USDT,15,LONG,STOP,STOP,2025-09-05 02:30 -03,2025-09-05 06:31 -03,0.006213,0.00621,480.0,1.7275050862852197,0.576,1.1515050862852196,5.07812650893288,0.22675785730418865
2025-09-05,PUFFERUSDT,15,LONG,CLOSED_TP3,TP3,2025-09-05 02:30 -03,2025-09-05 05:42 -03,0.2065,0.2101,480.0,6.171624968253803,0.576,5.595624968253803,3.511577723970941,1.5934788884371305
2025-09-05,NOTUSDT,15,LONG,STOP,STOP,2025-09-05 02:45 -03,2025-09-05 03:20 -03,0.00186,0.001849,480.0,-2.9341323932122925,0.576,-3.5101323932122925,3.9819354838709344,-0.8815141298572746
2025-09-05,OBTUSDT,15,LONG,STOP,STOP,2025-09-05 02:45 -03,2025-09-05 03:06 -03,0.00476,0.004731,480.0,-3.019775333391037,0.576,-3.595775333391037,3.241008403361339,-1.1094618976185806
2025-09-05,SOPHUSDT,15,SHORT,STOP,STOP,2025-09-05 02:45 -03,2025-09-05 03:15 -03,0.02898,0.02909,480.0,-1.9183201964089163,0.576,-2.4943201964089163,2.5288612836438724,-0.9863412487437091
2025-09-05,USTCUSDT,15,LONG,STOP,STOP,2025-09-05 02:45 -03,2025-09-05 03:22 -03,0.01328,0.01325,480.0,-1.180110904572213,0.576,-1.7561109045722127,1.626506024096382,-1.0796830005888443
2025-09-05,1000LUNCUSDT,15,LONG,STOP,STOP,2025-09-05 02:45 -03,2025-09-05 03:06 -03,0.05942,0.05914,480.0,-2.357402765277214,0.576,-2.933402765277214,3.0249209020531813,-0.9697452793843804
2025-09-05,ARPAUSDT,15,LONG,STOP,STOP,2025-09-05 02:45 -03,2025-09-05 06:04 -03,0.02191,0.0219,480.0,0.7128459221627512,0.576,0.13684592216275127,2.64076677316299,0.05182052559637573
2025-09-05,BUSDT,15,SHORT,STOP,STOP,2025-09-05 02:45 -03,2025-09-05 03:34 -03,0.61127,0.61524,480.0,-3.214077162129158,0.576,-3.7900771621291582,4.560899111685492,-0.8309934224194065
2025-09-05,EIGENUSDT,15,LONG,STOP,STOP,2025-09-05 02:45 -03,2025-09-05 03:27 -03,1.2524,1.2395,480.0,-5.039108992326586,0.576,-5.615108992326586,6.7262855317789665,-0.8348008668079101
2025-09-05,HOMEUSDT,15,LONG,CLOSED_TP3,TP3,2025-09-05 02:45 -03,2025-09-05 04:14 -03,0.03706,0.03767,480.0,5.287682780561653,0.576,4.711682780561653,2.6227738801942064,1.7964502453458822
2025-09-05,LUNA2USDT,15,LONG,CLOSED_TP3,TP3,2025-09-05 02:45 -03,2025-09-05 04:57 -03,0.1463,0.1478,480.0,3.898568448008212,0.576,3.322568448008212,2.003696514012259,1.6582194083648956
2025-09-05,DIAUSDT,15,LONG,CLOSED_TP3,TP3,2025-09-05 03:00 -03,2025-09-05 04:47 -03,0.7223,0.7399,480.0,9.25668142032532,0.576,8.68068142032532,4.410909594351352,1.9680025705903998
2025-09-05,GUSDT,15,LONG,STOP,STOP,2025-09-05 03:00 -03,2025-09-05 03:20 -03,0.0113,0.01123,480.0,-3.068847097591107,0.576,-3.644847097591107,2.2530265486725973,-1.6177559468788865
2025-09-05,IMXUSDT,15,LONG,CLOSED_TP3,TP3,2025-09-05 03:00 -03,2025-09-05 04:27 -03,0.5122,0.522,480.0,6.877669124926618,0.576,6.301669124926619,3.6146567746974183,1.743365834631458
2025-09-05,LAUSDT,15,LONG,STOP,STOP,2025-09-05 03:00 -03,2025-09-05 03:34 -03,0.3087,0.3068,480.0,-3.0497241821007073,0.576,-3.6257241821007073,4.298215743440237,-0.8435416923020072
2025-09-05,SUNUSDT,15,SHORT,STOP,STOP,2025-09-05 03:00 -03,2025-09-05 04:12 -03,0.021186,0.021327,480.0,-3.291211024246,0.576,-3.867211024246,3.462815066553414,-1.1167824298786728
2025-09-05,ZEUSUSDT,15,LONG,STOP,STOP,2025-09-05 03:00 -03,2025-09-05 03:22 -03,0.1322,0.1312,480.0,-3.7261266309073093,0.576,-4.302126630907309,4.901664145234457,-0.8776869453795532
2025-09-05,ALUUSDT,15,SHORT,STOP,STOP,2025-09-05 03:00 -03,2025-09-05 03:34 -03,0.049765,0.051077,480.0,-12.753217771289808,0.576,-13.329217771289809,18.970633979704555,-0.7026237386452066
2025-09-05,ANKRUSDT,15,SHORT,STOP,STOP,2025-09-05 03:15 -03,2025-09-05 03:51 -03,0.01465,0.01469,480.0,-1.4068519479934236,0.576,-1.9828519479934235,1.6323276450511628,-1.2147389367600119
2025-09-05,ESUSDT,15,LONG,CLOSED_TP3,TP3,2025-09-05 03:15 -03,2025-09-05 04:57 -03,0.1313,0.1334,480.0,5.21575869831143,0.576,4.6397586983114305,2.7614074638233435,1.6802151653082704
2025-09-05,NEOUSDT,15,LONG,STOP,STOP,2025-09-05 03:15 -03,2025-09-05 03:56 -03,6.519,6.487,480.0,-2.4517088097909365,0.576,-3.0277088097909366,2.922884859641066,-1.035863181474327
2025-09-05,TAIUSDT,15,LONG,STOP,STOP,2025-09-05 03:30 -03,2025-09-05 06:26 -03,0.05799,0.05784,480.0,1.2731326556946008,0.576,0.6971326556946008,6.451815830315593,0.10805216299246104
2025-09-05,HFTUSDT,15,LONG,CLOSED_TP3,TP3,2025-09-05 03:30 -03,2025-09-05 05:29 -03,0.0941,0.0999,480.0,22.751510183731874,0.576,22.175510183731873,11.116463336875666,1.994835003878527
2025-09-05,VVVUSDT,15,LONG,STOP,STOP,2025-09-05 03:45 -03,2025-09-05 06:31 -03,2.72,2.701,480.0,-3.4482610562472784,0.576,-4.024261056247278,4.764705882352886,-0.844597999459315
2025-09-05,ACXUSDT,15,LONG,CLOSED_TP3,TP3,2025-09-05 03:45 -03,2025-09-05 04:57 -03,0.1384,0.1409,480.0,5.989551333884041,0.576,5.413551333884041,3.232855491329473,1.6745417011070245
2025-09-05,AIOZUSDT,15,LONG,STOP,STOP,2025-09-05 03:45 -03,2025-09-05 05:17 -03,0.31,0.3095,480.0,0.6785336950176176,0.576,0.10253369501761767,3.3096774193548613,0.030979966330858928
2025-09-05,BTCUSDT,15,LONG,CLOSED_TP3,TP3,2025-09-05 03:45 -03,2025-09-05 04:23 -03,111860.4,112732.1,480.0,2.618183143441586,0.576,2.042183143441586,1.5094732873617724,1.3529110853037174
2025-09-05,DIAUSDT,15,LONG,STOP,STOP,2025-09-05 03:45 -03,2025-09-05 06:20 -03,0.7301,0.7286,480.0,1.3852106420641572,0.576,0.8092106420641573,5.853600328722147,0.138241526004699
2025-09-05,DOGEUSDT,15,LONG,CLOSED_TP3,TP3,2025-09-05 03:45 -03,2025-09-05 04:47 -03,0.21482,0.2179,480.0,5.587341088998842,0.576,5.011341088998843,2.8405176426775935,1.7642351568972965
2025-09-05,REDUSDT,15,LONG,CLOSED_TP3,TP3,2025-09-05 03:45 -03,2025-09-05 04:57 -03,0.482,0.6782,480.0,189.5021784128641,0.576,188.92617841286412,25.33550539419094,7.456972950544817
2025-09-05,SHIB1000USDT,15,LONG,CLOSED_TP3,TP3,2025-09-05 03:45 -03,2025-09-05 04:57 -03,0.012212,0.012335,480.0,3.4891551788155586,0.576,2.9131551788155585,1.9644939403864978,1.48290362160263
2025-09-05,SLPUSDT,15,LONG,CLOSED_TP3,TP3,2025-09-05 03:45 -03,2025-09-05 04:57 -03,0.001699,0.001722,480.0,4.584855228426528,0.576,4.008855228426528,2.63307828134195,1.5224975485284138
2025-09-05,DGBUSDT,15,LONG,CLOSED_TP3,TP3,2025-09-05 04:00 -03,2025-09-05 04:57 -03,0.0082,0.008347,480.0,5.697381481364002,0.576,5.121381481364002,2.624780487804826,1.9511656327676947
2025-09-05,DOTUSDT,15,LONG,STOP,STOP,2025-09-05 04:00 -03,2025-09-05 06:31 -03,3.8082,3.8075,480.0,0.8589123756601728,0.576,0.2829123756601728,2.3842533480384933,0.11865868863848827
2025-09-05,EGLDUSDT,15,LONG,CLOSED_TP3,TP3,2025-09-05 04:00 -03,2025-09-05 04:57 -03,13.95,14.1,480.0,4.318019810922146,0.576,3.742019810922146,2.211981419354841,1.6917049023013786
2025-09-05,ETHFIUSDT,15,LONG,STOP,STOP,2025-09-05 04:00 -03,2025-09-05 05:17 -03,1.1411,1.1388,480.0,1.5064336980551647,0.576,0.9304336980551647,6.185761808781002,0.15041537757473414
2025-09-05,FXSUSDT,15,LONG,STOP,STOP,2025-09-05 04:00 -03,2025-09-05 05:17 -03,2.6808,2.6729,480.0,0.9987963960989226,0.576,0.4227963960989226,4.3912264995523955,0.09628207430020266
2025-09-05,HFTUSDT,15,LONG,CLOSED_TP3,TP3,2025-09-05 04:00 -03,2025-09-05 05:42 -03,0.09607,0.10163,480.0,21.95875593038177,0.576,21.38275593038177,11.635265951910018,1.8377539472461846
2025-09-05,HIGHUSDT,15,LONG,STOP,BE,2025-09-05 04:00 -03,2025-09-05 06:02 -03,0.5102,0.5102,480.0,1.4409816721189355,0.576,0.8649816721189355,2.9937812622501503,0.2889261426764386
2025-09-05,HOMEUSDT,15,LONG,CLOSED_TP3,TP3,2025-09-05 04:00 -03,2025-09-05 04:43 -03,0.03778,0.03911,480.0,11.188573043172072,0.576,10.612573043172072,3.8796400211751942,2.7354530279222615
2025-09-05,LQTYUSDT,15,LONG,STOP,STOP,2025-09-05 04:00 -03,2025-09-05 06:32 -03,0.81,0.8097,480.0,1.443263140352611,0.576,0.8672631403526111,4.50476444444441,0.19252130739536905
2025-09-05,LSKUSDT,15,LONG,STOP,BE,2025-09-05 04:00 -03,2025-09-05 06:23 -03,0.3653,0.3653,480.0,0.5702072880585387,0.576,-0.005792711941461248,1.9217081850533513,-0.003014355658427103
2025-09-05,MAJORUSDT,15,LONG,STOP,STOP,2025-09-05 04:00 -03,2025-09-05 05:13 -03,0.1607,0.1593,480.0,-4.276859184025642,0.576,-4.852859184025641,6.240567517112613,-0.7776310681229459
2025-09-05,MASAUSDT,15,LONG,STOP,BE,2025-09-05 04:00 -03,2025-09-05 06:05 -03,0.01341,0.01341,480.0,1.337155948834639,0.576,0.761155948834639,4.08447427293067,0.18635346876319003
2025-09-05,NXPCUSDT,15,LONG,STOP,STOP,2025-09-05 04:00 -03,2025-09-05 05:17 -03,0.6478,0.6477,480.0,0.725947115075443,0.576,0.149947115075443,2.3459610991045947,0.06391713619321085
2025-09-05,OBTUSDT,15,LONG,STOP,STOP,2025-09-05 04:00 -03,2025-09-05 06:42 -03,0.004767,0.004734,480.0,-3.418170454823625,0.576,-3.994170454823625,4.93593455003141,-0.8092024751013377
2025-09-05,ONDOUSDT,15,LONG,STOP,STOP,2025-09-05 04:00 -03,2025-09-05 06:29 -03,0.924,0.9239,480.0,1.4791760823917843,0.576,0.9031760823917844,2.972171428571385,0.30387751988649875
2025-09-05,ORCAUSDT,15,LONG,STOP,STOP,2025-09-05 04:00 -03,2025-09-05 06:26 -03,2.247,2.242,480.0,0.12070056011758334,0.576,-0.4552994398824166,2.677855273698331,-0.17002391591298055
2025-09-05,PENGUUSDT,15,LONG,STOP,STOP,2025-09-05 04:00 -03,2025-09-05 06:20 -03,0.029207,0.028978,480.0,-3.8587191371594107,0.576,-4.43471913715941,5.131975211421917,-0.8641349489158351
2025-09-05,PONKEUSDT,15,LONG,STOP,STOP,2025-09-05 04:00 -03,2025-09-05 05:17 -03,0.09478,0.09474,480.0,1.7225933199041812,0.576,1.1465933199041811,5.567199831188028,0.2059551219054231
2025-09-05,PROMUSDT,15,LONG,STOP,STOP,2025-09-05 04:00 -03,2025-09-05 04:24 -03,9.101,9.069,480.0,-1.7833795128343906,0.576,-2.3593795128343906,1.8224056257554073,-1.294651135559572
2025-09-05,PROVEUSDT,15,LONG,STOP,STOP,2025-09-05 04:00 -03,2025-09-05 05:08 -03,0.8792,0.8705,480.0,-4.844813061914879,0.576,-5.420813061914878,5.010076433121045,-1.0819821083124603
2025-09-05,PUMPBTCUSDT,15,LONG,CLOSED_TP3,TP3,2025-09-05 04:00 -03,2025-09-05 06:42 -03,0.03687,0.03828,480.0,11.77702246048787,0.576,11.20102246048787,4.833197721724935,2.3175179467911984
2025-09-05,ROSEUSDT,15,LONG,STOP,BE,2025-09-05 04:00 -03,2025-09-05 06:32 -03,0.02413,0.02413,480.0,1.495156708945779,0.576,0.9191567089457789,3.9323000414422316,0.23374531425853864
2025-09-05,RSRUSDT,15,LONG,STOP,STOP,2025-09-05 04:00 -03,2025-09-05 06:32 -03,0.007485,0.007474,480.0,1.0131727188002448,0.576,0.4371727188002449,4.442164328657299,0.09841435085594548
2025-09-05,RVNUSDT,15,LONG,CLOSED_TP3,TP3,2025-09-05 04:00 -03,2025-09-05 05:04 -03,0.01291,0.01302,480.0,2.9372988340205386,0.576,2.3612988340205385,1.6731216111541405,1.4113133308891304
2025-09-05,SCRUSDT,15,LONG,CLOSED_TP3,TP3,2025-09-05 04:00 -03,2025-09-05 05:04 -03,0.3257,0.3333,480.0,6.969295087684976,0.576,6.393295087684977,3.4106822229045086,1.874491573782708
2025-09-05,SPELLUSDT,15,LONG,STOP,BE,2025-09-05 04:00 -03,2025-09-05 06:23 -03,0.0004759,0.0004759,480.0,1.0846821516629368,0.576,0.5086821516629368,3.3889472578272692,0.15010034472742562
2025-09-05,SPXUSDT,15,LONG,CLOSED_TP3,TP3,2025-09-05 04:00 -03,2025-09-05 04:52 -03,1.1226,1.1657,480.0,12.961072679477066,0.576,12.385072679477066,5.621135221806491,2.203304526713879
2025-09-05,STOUSDT,15,LONG,STOP,STOP,2025-09-05 04:00 -03,2025-09-05 05:17 -03,0.07933,0.07914,480.0,0.5872476864251187,0.576,0.011247686425118752,3.8994176225891817,0.0028844528885445153
2025-09-05,STXUSDT,15,LONG,STOP,STOP,2025-09-05 04:00 -03,2025-09-05 06:27 -03,0.6194,0.6191,480.0,1.1449267472348734,0.576,0.5689267472348735,3.4747923797223312,0.16372970959500496
2025-09-05,SYNUSDT,15,LONG,CLOSED_TP3,TP3,2025-09-05 04:00 -03,2025-09-05 04:52 -03,0.1194,0.1212,480.0,4.667111178329362,0.576,4.0911111783293626,2.325909547738695,1.7589296119906463
2025-09-05,THETAUSDT,15,LONG,CLOSED_TP3,TP3,2025-09-05 04:00 -03,2025-09-05 04:58 -03,0.7774,0.7909,480.0,6.08630261234239,0.576,5.51030261234239,3.403653202984326,1.618937736521145
2025-09-05,TIAUSDT,15,LONG,STOP,BE,2025-09-05 04:00 -03,2025-09-05 06:35 -03,1.6,1.6,480.0,1.4046995300470169,0.576,0.8286995300470169,3.905357999999981,0.2121955349668381
2025-09-05,VANRYUSDT,15,LONG,STOP,STOP,2025-09-05 04:00 -03,2025-09-05 06:27 -03,0.02658,0.02657,480.0,1.4673351626462825,0.576,0.8913351626462825,4.208397291196394,0.21179919598153893
2025-09-05,VICUSDT,15,LONG,CLOSED_TP3,TP3,2025-09-05 04:00 -03,2025-09-05 04:58 -03,0.2221,0.2247,480.0,4.001667370408416,0.576,3.425667370408416,2.292394416929355,1.49436211548494
2025-09-05,VINEUSDT,15,LONG,STOP,STOP,2025-09-05 04:00 -03,2025-09-05 06:17 -03,0.06434,0.06433,480.0,1.5438124698565487,0.576,0.9678124698565488,4.580142990363683,0.21130616923811374
2025-09-05,VTHOUSDT,15,LONG,CLOSED_TP3,TP3,2025-09-05 04:00 -03,2025-09-05 04:52 -03,0.001833,0.001849,480.0,3.1909607729897824,0.576,2.6149607729897824,1.4297872340425795,1.8289160168231773
2025-09-05,WAVESUSDT,15,LONG,STOP,STOP,2025-09-05 04:00 -03,2025-09-05 05:17 -03,1.1246,1.1198,480.0,-2.144309133020596,0.576,-2.720309133020596,2.5517638271384975,-1.0660505114499967
2025-09-05,WAXPUSDT,15,LONG,CLOSED_TP3,TP3,2025-09-05 04:00 -03,2025-09-05 05:04 -03,0.01964,0.01978,480.0,2.566814601635534,0.576,1.9908146016355341,1.3353971486761262,1.4908033940383725
2025-09-05,ZENUSDT,15,LONG,CLOSED_TP3,TP3,2025-09-05 04:00 -03,2025-09-05 05:04 -03,7.039,7.143,480.0,5.198134540857648,0.576,4.622134540857648,2.93710561159258,1.5737038949550741
2025-09-05,ZRCUSDT,15,LONG,STOP,STOP,2025-09-05 04:00 -03,2025-09-05 06:23 -03,0.0253,0.0251,480.0,-3.889697986723068,0.576,-4.465697986723068,4.909090909090947,-0.909679219517655
2025-09-05,1000000CHEEMSUSDT,15,LONG,STOP,STOP,2025-09-05 04:00 -03,2025-09-05 06:29 -03,1.1464,1.1415,480.0,-2.147220030264987,0.576,-2.723220030264987,2.812781577110941,-0.9681590822498403
2025-09-05,10000LADYSUSDT,15,LONG,CLOSED_TP3,TP3,2025-09-05 04:00 -03,2025-09-05 04:58 -03,0.0003129,0.0003204,480.0,8.773366191664625,0.576,8.197366191664624,3.8197507190795124,2.1460474241732808
2025-09-05,ACTUSDT,15,LONG,STOP,STOP,2025-09-05 04:00 -03,2025-09-05 06:02 -03,0.03544,0.03522,480.0,-3.075078496664979,0.576,-3.651078496664979,3.8092550790068227,-0.9584757179392973
2025-09-05,ARCUSDT,15,LONG,STOP,BE,2025-09-05 04:00 -03,2025-09-05 06:27 -03,0.0178,0.0178,480.0,1.9663849345402706,0.576,1.3903849345402706,5.460674157303406,0.25461781723062404
2025-09-05,BICOUSDT,15,LONG,STOP,BE,2025-09-05 04:00 -03,2025-09-05 06:32 -03,0.0955,0.0955,480.0,1.9100154905975497,0.576,1.3340154905975496,4.038885863874363,0.330292941063176
2025-09-05,BLURUSDT,15,LONG,CLOSED_TP3,TP3,2025-09-05 04:00 -03,2025-09-05 05:04 -03,0.07527,0.07724,480.0,7.65278912523258,0.576,7.0767891252325805,3.5870864886408516,1.9728515461343055
2025-09-05,BOMEUSDT,15,LONG,STOP,STOP,2025-09-05 04:00 -03,2025-09-05 06:29 -03,0.001899,0.001896,480.0,0.9965684000320111,0.576,0.4205684000320111,4.671090047393358,0.09003645739321679
2025-09-05,BSVUSDT,15,LONG,STOP,STOP,2025-09-05 04:00 -03,2025-09-05 06:23 -03,25.8,25.7,480.0,-1.956083461421268,0.576,-2.532083461421268,2.54152818604649,-0.9962838402984963
2025-09-05,C98USDT,15,LONG,STOP,STOP,2025-09-05 04:15 -03,2025-09-05 06:32 -03,0.04891,0.04863,480.0,-2.843345189095924,0.576,-3.419345189095924,3.3595093028010643,-1.0178109006112799
2025-09-05,CELRUSDT,15,LONG,STOP,STOP,2025-09-05 04:15 -03,2025-09-05 06:29 -03,0.007641,0.007638,480.0,1.824970482928128,0.576,1.248970482928128,4.634157832744399,0.26951401484495274
2025-09-05,CHZUSDT,15,LONG,STOP,STOP,2025-09-05 04:15 -03,2025-09-05 05:18 -03,0.03951,0.0395,480.0,0.8005577574360196,0.576,0.2245577574360197,2.674927866362866,0.08394908896790318
2025-09-05,COREUSDT,15,LONG,STOP,STOP,2025-09-05 04:15 -03,2025-09-05 06:38 -03,0.4167,0.4148,480.0,-2.284177629753211,0.576,-2.860177629753211,2.906505399568032,-0.9840606627389351
2025-09-05,CROUSDT,15,LONG,STOP,STOP,2025-09-05 04:15 -03,2025-09-05 05:08 -03,0.26864,0.26772,480.0,1.006031785147856,0.576,0.430031785147856,6.610434782608703,0.06505347973165403
2025-09-05,DEEPUSDT,15,LONG,STOP,STOP,2025-09-05 04:15 -03,2025-09-05 05:50 -03,0.13298,0.13207,480.0,-3.380037992591091,0.576,-3.956037992591091,3.6198887050685116,-1.0928617741898827
2025-09-05,DEGENUSDT,15,LONG,STOP,STOP,2025-09-05 04:15 -03,2025-09-05 05:33 -03,0.003129,0.003127,480.0,1.1316361748293382,0.576,0.5556361748293382,4.019175455417081,0.13824630972018076
2025-09-05,DODOUSDT,15,LONG,STOP,BE,2025-09-05 04:15 -03,2025-09-05 06:02 -03,0.04454,0.04454,480.0,0.8444075574480867,0.576,0.26840755744808675,2.753911091154003,0.0974641332141238
2025-09-05,DOGEUSDT,15,LONG,STOP,STOP,2025-09-05 04:15 -03,2025-09-05 05:18 -03,0.21658,0.2165,480.0,0.9053371142708623,0.576,0.3293371142708623,3.059650937298026,0.10763878658710642
2025-09-05,DOGSUSDT,15,LONG,CLOSED_TP3,TP3,2025-09-05 04:15 -03,2025-09-05 07:06 -03,0.0001313,0.0001338,480.0,7.039795639628693,0.576,6.463795639628693,3.87509520182795,1.6680353134497465
2025-09-05,DOTUSDT,15,LONG,STOP,STOP,2025-09-05 04:15 -03,2025-09-05 06:29 -03,3.8244,3.811,480.0,-1.7774865124092867,0.576,-2.3534865124092867,2.5133354251647826,-0.9363996897688196
2025-09-05,DRIFTUSDT,15,LONG,STOP,STOP,2025-09-05 04:15 -03,2025-09-05 06:32 -03,0.5429,0.5397,480.0,-2.924674929817812,0.576,-3.500674929817812,4.063890955977146,-0.8614096607757254
2025-09-05,ENAUSDT,15,LONG,STOP,STOP,2025-09-05 04:15 -03,2025-09-05 05:04 -03,0.6703,0.6689,480.0,1.6111678045980535,0.576,1.0351678045980535,5.317022228852763,0.19468938816556505
2025-09-05,ENSUSDT,15,LONG,STOP,STOP,2025-09-05 04:15 -03,2025-09-05 06:17 -03,22.527,22.512,480.0,1.0767653238671364,0.576,0.5007653238671365,3.472404634438629,0.14421283709295976
2025-09-05,ETCUSDT,15,LONG,CLOSED_TP3,TP3,2025-09-05 04:15 -03,2025-09-05 05:04 -03,20.556,20.891,480.0,6.078654247826831,0.576,5.502654247826832,2.728296322241633,2.016882918093633
2025-09-05,GASUSDT,15,LONG,STOP,STOP,2025-09-05 04:15 -03,2025-09-05 06:27 -03,3.218,3.205,480.0,-2.034695225318967,0.576,-2.6106952253189672,2.2773688004972397,-1.1463647103398225
2025-09-05,HOMEUSDT,15,LONG,CLOSED_TP3,TP3,2025-09-05 04:15 -03,2025-09-05 04:48 -03,0.03801,0.03904,480.0,11.957749765670624,0.576,11.381749765670623,4.221499605367021,2.6961390097491393
2025-09-05,HYPEUSDT,15,LONG,STOP,STOP,2025-09-05 04:15 -03,2025-09-05 05:18 -03,46.168,45.916,480.0,-2.715462988443845,0.576,-3.291462988443845,3.4420872985617903,-0.9562404154650928
2025-09-05,ICXUSDT,15,LONG,STOP,STOP,2025-09-05 04:15 -03,2025-09-05 06:32 -03,0.12746,0.12745,480.0,0.7147498650417606,0.576,0.13874986504176068,2.2574988231602973,0.06146176627792135
2025-09-05,INJUSDT,15,LONG,STOP,STOP,2025-09-05 04:15 -03,2025-09-05 06:38 -03,12.699,12.622,480.0,-3.005873757060855,0.576,-3.581873757060855,4.063987148594368,-0.8813693611948886
2025-09-05,IOUSDT,15,LONG,STOP,STOP,2025-09-05 04:15 -03,2025-09-05 06:40 -03,0.5206,0.5143,480.0,-5.90351107032973,0.576,-6.47951107032973,4.830693814829051,-1.341321002469503
2025-09-05,JASMYUSDT,15,LONG,STOP,STOP,2025-09-05 04:15 -03,2025-09-05 05:18 -03,0.01411,0.014097,480.0,0.6787528532760134,0.576,0.10275285327601347,3.1164280652020064,0.032971354103549004
2025-09-05,LINKUSDT,15,LONG,STOP,STOP,2025-09-05 04:15 -03,2025-09-05 05:18 -03,22.852,22.811,480.0,0.8608233452866876,0.576,0.2848233452866876,4.118426676002099,0.06915828972902235
2025-09-05,MEUSDT,15,LONG,STOP,STOP,2025-09-05 04:15 -03,2025-09-05 06:20 -03,0.6618,0.6594,480.0,-1.836349456622887,0.576,-2.412349456622887,2.412902991840372,-0.999770593671044
2025-09-05,MINAUSDT,15,LONG,STOP,STOP,2025-09-05 04:15 -03,2025-09-05 05:18 -03,0.1798,0.1796,480.0,0.6192576737877056,0.576,0.04325767378770562,3.132040044493903,0.013811341225905525
2025-09-05,MOVRUSDT,15,LONG,STOP,STOP,2025-09-05 04:15 -03,2025-09-05 05:33 -03,5.844,5.834,480.0,0.6434446493748402,0.576,0.0674446493748403,3.8149018480492476,0.017679262025922935
2025-09-05,MTLUSDT,15,LONG,STOP,STOP,2025-09-05 04:15 -03,2025-09-05 06:35 -03,0.7008,0.6997,480.0,0.4773769883286081,0.576,-0.09862301167139187,2.289630136986341,-0.04307377426521889
2025-09-05,MYRIAUSDT,15,LONG,STOP,STOP,2025-09-05 04:15 -03,2025-09-05 05:18 -03,0.0008219,0.0008147,480.0,-4.30004061280202,0.576,-4.8760406128020195,6.260615646672332,-0.7788436294430169
2025-09-05,MYROUSDT,15,LONG,STOP,STOP,2025-09-05 04:15 -03,2025-09-05 06:29 -03,0.02203,0.02202,480.0,1.9307373302615398,0.576,1.35473733026154,5.777866545619616,0.23447016637803955
2025-09-05,NEARUSDT,15,LONG,STOP,STOP,2025-09-05 04:15 -03,2025-09-05 05:18 -03,2.409,2.408,480.0,0.9040717846024038,0.576,0.3280717846024038,3.330369115815762,0.09850913613281086
2025-09-05,NKNUSDT,15,LONG,STOP,STOP,2025-09-05 04:15 -03,2025-09-05 05:18 -03,0.02593,0.02588,480.0,0.3993067411345912,0.576,-0.17669325886540876,3.302244504434962,-0.053507018825561574
2025-09-05,NMRUSDT,15,LONG,STOP,STOP,2025-09-05 04:15 -03,2025-09-05 05:04 -03,13.638,13.383,480.0,-9.069118605077504,0.576,-9.645118605077505,8.756206247250327,-1.1015179785316636
2025-09-05,ONDOUSDT,15,LONG,STOP,STOP,2025-09-05 04:15 -03,2025-09-05 06:27 -03,0.9279,0.9237,480.0,-2.2682038294715055,0.576,-2.8442038294715055,2.98461817006144,-0.9529540019562892
2025-09-05,OPUSDT,15,LONG,STOP,STOP,2025-09-05 04:15 -03,2025-09-05 06:24 -03,0.7074,0.7066,480.0,1.0339375222783107,0.576,0.45793752227831075,3.9476573367260066,0.11600234853668978
2025-09-05,PEOPLEUSDT,15,LONG,STOP,BE,2025-09-05 04:15 -03,2025-09-05 05:18 -03,0.01843,0.01843,480.0,1.3807979592707524,0.576,0.8047979592707525,4.102007596310401,0.19619611626137348
2025-09-05,POPCATUSDT,15,LONG,STOP,STOP,2025-09-05 04:15 -03,2025-09-05 06:27 -03,0.2432,0.2412,480.0,-4.042569427267769,0.576,-4.618569427267769,5.424098684210528,-0.851490670830226
2025-09-05,PYTHUSDT,15,LONG,STOP,STOP,2025-09-05 04:15 -03,2025-09-05 06:02 -03,0.152,0.1508,480.0,-3.8847062662154848,0.576,-4.460706266215484,5.582715789473716,-0.7990208411874028
2025-09-05,RESOLVUSDT,15,LONG,STOP,BE,2025-09-05 04:15 -03,2025-09-05 05:39 -03,0.1451,0.1451,480.0,1.0113997835227082,0.576,0.43539978352270825,3.2962536181943243,0.13208928497474617
2025-09-05,SAGAUSDT,15,LONG,STOP,STOP,2025-09-05 04:15 -03,2025-09-05 05:18 -03,0.2368,0.2367,480.0,1.5230796514942806,0.576,0.9470796514942806,5.082040540540522,0.1863581456974269
2025-09-05,SAHARAUSDT,15,LONG,STOP,STOP,2025-09-05 04:15 -03,2025-09-05 07:14 -03,0.09191,0.09146,480.0,-2.4456455453356445,0.576,-3.0216455453356446,3.348928299423328,-0.9022723913963641
2025-09-05,SCRUSDT,15,LONG,CLOSED_TP3,TP3,2025-09-05 04:15 -03,2025-09-05 05:08 -03,0.3273,0.3341,480.0,8.907296254792534,0.576,8.331296254792534,3.5589954170485973,2.340912330171391
2025-09-05,SERAPHUSDT,15,LONG,STOP,STOP,2025-09-05 04:15 -03,2025-09-05 05:23 -03,0.20858,0.20493,480.0,-8.49396544668091,0.576,-9.06996544668091,11.731579250167824,-0.7731239974832171
2025-09-05,SHIB1000USDT,15,LONG,STOP,STOP,2025-09-05 04:15 -03,2025-09-05 06:17 -03,0.01227,0.012258,480.0,0.3798823638419173,0.576,-0.19611763615808264,2.156283618581927,-0.0909516885756702
2025-09-05,SLERFUSDT,15,LONG,STOP,STOP,2025-09-05 04:15 -03,2025-09-05 06:20 -03,0.08059,0.08011,480.0,-2.9543341732336335,0.576,-3.5303341732336335,3.8767489762997966,-0.9106429626514528
2025-09-05,SOLUSDT,15,LONG,STOP,STOP,2025-09-05 04:15 -03,2025-09-05 06:17 -03,207.13,205.84,480.0,-3.0848195053038,0.576,-3.6608195053038,3.82865144015835,-0.9561642167019496
2025-09-05,SONICUSDT,15,LONG,STOP,STOP,2025-09-05 04:15 -03,2025-09-05 06:32 -03,0.1929,0.192,480.0,-2.335044878093805,0.576,-2.911044878093805,2.7194027993779186,-1.0704721193784628
2025-09-05,SPELLUSDT,15,LONG,STOP,STOP,2025-09-05 04:15 -03,2025-09-05 06:02 -03,0.0004797,0.0004769,480.0,-2.897181201204468,0.576,-3.473181201204468,3.8223889931206743,-0.9086414824486228
2025-09-05,SPXUSDT,15,LONG,CLOSED_TP3,TP3,2025-09-05 04:15 -03,2025-09-05 04:59 -03,1.1347,1.1769,480.0,13.83749383940603,0.576,13.261493839406029,6.145865515114111,2.1577910884631195
2025-09-05,STGUSDT,15,LONG,STOP,STOP,2025-09-05 04:15 -03,2025-09-05 06:17 -03,0.1595,0.1589,480.0,-1.9012719417712405,0.576,-2.4772719417712405,2.5149893416927585,-0.9850029583440972
2025-09-05,SUSDT,15,LONG,STOP,BE,2025-09-05 04:15 -03,2025-09-05 05:18 -03,0.3067,0.3067,480.0,0.9010345395196174,0.576,0.32503453951961747,2.9428522986632286,0.11044881174201719
2025-09-05,SUSHIUSDT,15,LONG,STOP,STOP,2025-09-05 04:15 -03,2025-09-05 05:18 -03,0.7618,0.7617,480.0,1.2498321288900114,0.576,0.6738321288900114,3.9796713048044148,0.1693185384623436
2025-09-05,TACUSDT,15,LONG,STOP,STOP,2025-09-05 04:15 -03,2025-09-05 06:24 -03,0.00926,0.00918,480.0,-4.2420293607787,0.576,-4.8180293607786995,5.665140388768975,-0.850469543584541
2025-09-05,THETAUSDT,15,LONG,STOP,STOP,2025-09-05 04:30 -03,2025-09-05 06:32 -03,0.7875,0.7832,480.0,-2.716418643849871,0.576,-3.2924186438498713,3.879186285714317,-0.8487395039456328
2025-09-05,TSTBSCUSDT,15,LONG,STOP,STOP,2025-09-05 04:30 -03,2025-09-05 05:14 -03,0.02389,0.02372,480.0,-3.5109624240589548,0.576,-4.086962424058955,4.940443700292982,-0.827246027278195
2025-09-05,TUSDT,15,LONG,STOP,BE,2025-09-05 04:30 -03,2025-09-05 05:18 -03,0.01595,0.01595,480.0,0.7142513334873397,0.576,0.13825133348733976,1.9828965517242125,0.06972190927818417
2025-09-05,VTHOUSDT,15,LONG,STOP,BE,2025-09-05 04:30 -03,2025-09-05 05:18 -03,0.001843,0.001843,480.0,0.5214156392282849,0.576,-0.054584360771715024,1.6329896907216652,-0.03342602900793123
2025-09-05,WOOUSDT,15,LONG,STOP,STOP,2025-09-05 04:30 -03,2025-09-05 06:24 -03,0.06789,0.06741,480.0,-3.48903686741361,0.576,-4.0650368674136095,4.636040653999045,-0.8768337404261355
2025-09-05,YFIUSDT,15,LONG,STOP,STOP,2025-09-05 04:30 -03,2025-09-05 06:27 -03,5269.0,5252.0,480.0,-1.6443616598674056,0.576,-2.2203616598674056,2.06436569732399,-1.0755660505043418
2025-09-05,YGGUSDT,15,LONG,STOP,STOP,2025-09-05 04:30 -03,2025-09-05 06:27 -03,0.1528,0.1518,480.0,-3.2367234480740747,0.576,-3.812723448074075,3.937916230366522,-0.9682083683428698
2025-09-05,10000LADYSUSDT,15,LONG,STOP,STOP,2025-09-05 04:30 -03,2025-09-05 05:53 -03,0.0003169,0.0003168,480.0,1.817554161276822,0.576,1.241554161276822,4.013884506153335,0.3093148692677888
2025-09-05,1INCHUSDT,15,LONG,STOP,STOP,2025-09-05 04:30 -03,2025-09-05 05:33 -03,0.2461,0.2449,480.0,-2.4360343323652254,0.576,-3.0120343323652254,3.448081267777291,-0.8735392522540076
2025-09-05,ALPHAUSDT,15,LONG,STOP,STOP,2025-09-05 04:30 -03,2025-09-05 05:18 -03,0.01441,0.01433,480.0,-2.7602735909614617,0.576,-3.336273590961462,3.5868424705066135,-0.9301422123760676
2025-09-05,ALTUSDT,15,LONG,STOP,STOP,2025-09-05 04:30 -03,2025-09-05 06:32 -03,0.03147,0.03128,480.0,-2.9934089527176284,0.576,-3.5694089527176285,4.069246901811293,-0.8771669645134637
2025-09-05,ATOMUSDT,15,LONG,STOP,STOP,2025-09-05 04:30 -03,2025-09-05 06:24 -03,4.441,4.44,480.0,0.7747123508770719,0.576,0.19871235087707195,2.727184688133299,0.07286354743106394
2025-09-05,AVAUSDT,15,LONG,STOP,STOP,2025-09-05 04:30 -03,2025-09-05 06:27 -03,0.5354,0.5325,480.0,-2.695395757398518,0.576,-3.271395757398518,3.1266342921180215,-1.046299455502496
2025-09-05,AVAXUSDT,15,LONG,STOP,STOP,2025-09-05 04:30 -03,2025-09-05 06:24 -03,24.787,24.616,480.0,-3.406741425345112,0.576,-3.982741425345112,4.568754330899305,-0.871734642943946
2025-09-05,COSUSDT,15,LONG,STOP,STOP,2025-09-05 04:30 -03,2025-09-05 05:18 -03,0.0033,0.003296,480.0,0.20204059594042822,0.576,-0.37395940405957173,2.0101818181818025,-0.18603262683860894
2025-09-05,CROUSDT,15,LONG,STOP,STOP,2025-09-05 04:30 -03,2025-09-05 05:05 -03,0.27248,0.26893,480.0,-6.348409786149894,0.576,-6.924409786149893,7.431738109219014,-0.93173490297784
2025-09-05,CTCUSDT,15,LONG,STOP,STOP,2025-09-05 04:30 -03,2025-09-05 05:18 -03,0.6028,0.6001,480.0,-2.2455272720903556,0.576,-2.8215272720903557,2.2651413404113767,-1.2456296751786502
2025-09-05,DEXEUSDT,15,SHORT,STOP,STOP,2025-09-05 04:30 -03,2025-09-05 05:00 -03,7.232,7.256,480.0,-1.6892485708747527,0.576,-2.2652485708747525,1.9733721238938138,-1.1479074541729184
2025-09-05,DOGEUSDT,15,LONG,STOP,STOP,2025-09-05 04:30 -03,2025-09-05 05:18 -03,0.21774,0.21651,480.0,-2.806938925837358,0.576,-3.382938925837358,3.3161532102508002,-1.0201395144772298
2025-09-05,DOODUSDT,15,LONG,STOP,STOP,2025-09-05 04:30 -03,2025-09-05 05:33 -03,0.002976,0.002939,480.0,-6.062538907399542,0.576,-6.638538907399542,5.469354838709722,-1.213770015508016
2025-09-05,EGLDUSDT,15,LONG,STOP,STOP,2025-09-05 04:30 -03,2025-09-05 05:18 -03,14.06,14.04,480.0,0.8142566682165393,0.576,0.23825666821653935,2.7982118918918975,0.08514604233757715
2025-09-05,ETHUSDT,15,LONG,STOP,STOP,2025-09-05 04:30 -03,2025-09-05 06:27 -03,4396.29,4374.01,480.0,-2.528100506040853,0.576,-3.104100506040853,3.5878888790320853,-0.8651607144751525
2025-09-05,FILUSDT,15,LONG,STOP,STOP,2025-09-05 04:30 -03,2025-09-05 06:29 -03,2.319,2.309,480.0,-2.1654341680967724,0.576,-2.7414341680967724,3.0604315653298735,-0.8957671849791167
2025-09-05,GNOUSDT,15,LONG,CLOSED_TP3,TP3,2025-09-05 04:30 -03,2025-09-05 05:09 -03,133.28,135.02,480.0,4.554185637858804,0.576,3.9781856378588043,2.1357828691476928,1.8626358022275655
2025-09-05,HIVEUSDT,15,LONG,STOP,STOP,2025-09-05 04:30 -03,2025-09-05 05:40 -03,0.201,0.2003,480.0,-1.7672978970759772,0.576,-2.3432978970759772,1.8038447761193614,-1.29905739567966
2025-09-05,HOMEUSDT,15,LONG,CLOSED_TP3,TP3,2025-09-05 04:30 -03,2025-09-05 07:45 -03,0.03916,0.04037,480.0,10.737443109621656,0.576,10.161443109621656,6.185577119509712,1.64276395125231
2025-09-05,HUMAUSDT,15,LONG,STOP,STOP,2025-09-05 04:30 -03,2025-09-05 06:21 -03,0.0243,0.02418,480.0,-2.4658867446588735,0.576,-3.0418867446588735,3.4921481481481402,-0.8710646328884881
2025-09-05,HYPERUSDT,15,LONG,STOP,STOP,2025-09-05 04:30 -03,2025-09-05 05:33 -03,0.2955,0.2939,480.0,-2.694455427553688,0.576,-3.270455427553688,3.811459898477174,-0.8580584643853558
2025-09-05,ICPUSDT,15,LONG,STOP,STOP,2025-09-05 04:30 -03,2025-09-05 05:18 -03,4.814,4.784,480.0,-3.0866676523041265,0.576,-3.6626676523041266,3.7177276277523803,-0.9851898845312825
2025-09-05,IDEXUSDT,15,LONG,STOP,STOP,2025-09-05 04:30 -03,2025-09-05 05:56 -03,0.02834,0.02811,480.0,-3.990765355362834,0.576,-4.566765355362834,5.0357657021877245,-0.9068661302845882
2025-09-05,KMNOUSDT,15,LONG,STOP,STOP,2025-09-05 04:30 -03,2025-09-05 05:18 -03,0.05531,0.05529,480.0,1.0349171844703617,0.576,0.4589171844703618,3.458933285120239,0.13267592828244126
2025-09-05,LAUNCHCOINUSDT,15,LONG,STOP,STOP,2025-09-05 04:30 -03,2025-09-05 05:05 -03,0.07751,0.07491,480.0,-16.19391873223973,0.576,-16.76991873223973,21.228992388079003,-0.7899535892083491
2025-09-05,LQTYUSDT,15,LONG,STOP,STOP,2025-09-05 04:30 -03,2025-09-05 06:27 -03,0.8169,0.8107,480.0,-3.7383026295240604,0.576,-4.31430262952406,4.485599706206397,-0.9618117781563688
2025-09-05,MANAUSDT,15,LONG,CLOSED_TP3,TP3,2025-09-05 04:30 -03,2025-09-05 07:01 -03,0.3132,0.3247,480.0,12.972924929729292,0.576,12.396924929729291,7.315264367816135,1.6946653335278177
2025-09-05,MASAUSDT,15,LONG,STOP,STOP,2025-09-05 04:30 -03,2025-09-05 06:03 -03,0.0135,0.01342,480.0,-2.939866013398679,0.576,-3.515866013398679,3.7713777777777695,-0.9322497560746494
2025-09-05,NKNUSDT,15,LONG,STOP,STOP,2025-09-05 04:45 -03,2025-09-05 05:18 -03,0.02618,0.02588,480.0,-5.595272405532535,0.576,-6.171272405532535,3.8895034377387874,-1.5866478856026627
2025-09-05,OGNUSDT,15,LONG,STOP,STOP,2025-09-05 04:45 -03,2025-09-05 05:19 -03,0.06237,0.06192,480.0,-3.5585012927278727,0.576,-4.134501292727872,4.056873496873514,-1.0191348820499784
2025-09-05,ONEUSDT,15,LONG,STOP,STOP,2025-09-05 04:45 -03,2025-09-05 06:03 -03,0.01028,0.01023,480.0,-2.430153871772316,0.576,-3.006153871772316,3.4519844357977387,-0.8708480376093025
2025-09-05,ONGUSDT,15,LONG,STOP,STOP,2025-09-05 04:45 -03,2025-09-05 05:23 -03,0.1657,0.1652,480.0,-1.5441014739804233,0.576,-2.1201014739804234,1.8156861798431363,-1.1676585400697308
2025-09-05,OPUSDT,15,LONG,STOP,STOP,2025-09-05 04:45 -03,2025-09-05 05:19 -03,0.7138,0.7084,480.0,-3.726533482824269,0.576,-4.302533482824269,4.6255444101989545,-0.9301680194308648
2025-09-05,PEOPLEUSDT,15,LONG,STOP,STOP,2025-09-05 04:45 -03,2025-09-05 05:19 -03,0.0186,0.01843,480.0,-4.482209843531796,0.576,-5.058209843531795,4.852645161290334,-1.042361366926487
2025-09-05,PERPUSDT,15,LONG,STOP,STOP,2025-09-05 04:45 -03,2025-09-05 05:26 -03,0.2611,0.2598,480.0,-2.4854014024105573,0.576,-3.0614014024105574,3.0727169666793848,-0.9963174075609522
2025-09-05,PROMUSDT,15,SHORT,STOP,STOP,2025-09-05 04:45 -03,2025-09-05 05:14 -03,9.004,9.042,480.0,-2.122181120821898,0.576,-2.698181120821898,2.3732310972900468,-1.136923042978371
2025-09-05,RADUSDT,15,LONG,STOP,STOP,2025-09-05 04:45 -03,2025-09-05 05:09 -03,0.6785,0.6733,480.0,-3.773957755293001,0.576,-4.349957755293,4.559214738393516,-0.9541024068600354
2025-09-05,RENDERUSDT,15,LONG,STOP,STOP,2025-09-05 04:45 -03,2025-09-05 05:19 -03,3.462,3.443,480.0,-2.7297790151661125,0.576,-3.3057790151661126,3.453824610051978,-0.9571357519270102
2025-09-05,REZUSDT,15,LONG,STOP,STOP,2025-09-05 04:45 -03,2025-09-05 05:19 -03,0.01135,0.01125,480.0,-4.324219560422806,0.576,-4.900219560422806,5.5054096916299065,-0.8900735521777434
2025-09-05,RPLUSDT,15,LONG,STOP,STOP,2025-09-05 04:45 -03,2025-09-05 06:03 -03,6.602,6.548,480.0,-4.021288268022589,0.576,-4.597288268022589,4.97771269312327,-0.9235744510473175
2025-09-05,RUNEUSDT,15,LONG,STOP,STOP,2025-09-05 04:45 -03,2025-09-05 06:21 -03,1.219,1.211,480.0,-3.2454834910274357,0.576,-3.821483491027436,3.923592452830139,-0.9739756452714525
2025-09-05,RVNUSDT,15,LONG,STOP,STOP,2025-09-05 04:45 -03,2025-09-05 05:19 -03,0.01302,0.01297,480.0,-1.938939746578288,0.576,-2.514939746578288,2.1330875576036816,-1.1790138372958214
2025-09-05,SAGAUSDT,15,LONG,STOP,STOP,2025-09-05 04:45 -03,2025-09-05 05:19 -03,0.2394,0.2368,480.0,-5.307980480147453,0.576,-5.883980480147453,5.735759398496217,-1.0258415793539206
2025-09-05,SOLVUSDT,15,SHORT,CLOSED_TP3,TP3,2025-09-05 04:45 -03,2025-09-05 05:23 -03,0.04323,0.04234,480.0,9.06546726844783,0.576,8.489467268447829,3.890187369882037,2.1822772173324023
2025-09-05,SPXUSDT,15,LONG,STOP,STOP,2025-09-05 04:45 -03,2025-09-05 05:09 -03,1.1768,1.1598,480.0,-7.02866219156468,0.576,-7.60466219156468,8.698894629503755,-0.8742101744481646
2025-09-05,STORJUSDT,15,LONG,STOP,STOP,2025-09-05 04:45 -03,2025-09-05 06:32 -03,0.2544,0.2535,480.0,-1.7937640198243934,0.576,-2.369764019824393,2.2742641509433748,-1.0419915465146847
2025-09-05,STXUSDT,15,LONG,STOP,STOP,2025-09-05 04:45 -03,2025-09-05 06:03 -03,0.6256,0.621,480.0,-3.624696353894058,0.576,-4.200696353894058,4.00757800511503,-1.0481882944093772
2025-09-05,SUSHIUSDT,15,LONG,STOP,STOP,2025-09-05 04:45 -03,2025-09-05 05:19 -03,0.7684,0.7613,480.0,-4.530293456859362,0.576,-5.106293456859362,4.758684018740224,-1.0730473880489255
2025-09-05,THETAUSDT,15,LONG,STOP,STOP,2025-09-05 04:45 -03,2025-09-05 05:19 -03,0.7911,0.7856,480.0,-3.432448564017287,0.576,-4.008448564017287,4.154072051573733,-0.9649444001576049
2025-09-05,TOKENUSDT,15,LONG,STOP,STOP,2025-09-05 04:45 -03,2025-09-05 05:14 -03,0.01273,0.01264,480.0,-3.4888702802932006,0.576,-4.0648702802932,4.484399057344844,-0.9064470463741374
2025-09-05,VICUSDT,15,LONG,STOP,STOP,2025-09-05 04:45 -03,2025-09-05 05:26 -03,0.2249,0.2238,480.0,-2.4432309992654937,0.576,-3.0192309992654938,2.6754717652290108,-1.1284854650697682
2025-09-05,VTHOUSDT,15,LONG,STOP,STOP,2025-09-05 04:45 -03,2025-09-05 05:19 -03,0.00185,0.001842,480.0,-2.171250983009779,0.576,-2.747250983009779,1.917405405405383,-1.4327960979274217
2025-09-05,WCTUSDT,15,LONG,STOP,STOP,2025-09-05 04:45 -03,2025-09-05 05:19 -03,0.2913,0.2892,480.0,-3.5556485546089545,0.576,-4.1316485546089545,3.3367662203913473,-1.2382193662115115
2025-09-05,XAIUSDT,15,LONG,STOP,STOP,2025-09-05 04:45 -03,2025-09-05 06:27 -03,0.04703,0.04664,480.0,-4.075632411243294,0.576,-4.651632411243294,5.347361258770985,-0.8698930530667766
2025-09-05,ZENUSDT,15,LONG,STOP,STOP,2025-09-05 04:45 -03,2025-09-05 06:32 -03,7.126,7.087,480.0,-2.722464772888429,0.576,-3.298464772888429,3.323443614931225,-0.9924840481930929
2025-09-05,1000BONKUSDT,15,LONG,STOP,STOP,2025-09-05 04:45 -03,2025-09-05 05:19 -03,0.020233,0.020043,480.0,-4.6025767610557615,0.576,-5.178576761055761,5.452162309098965,-0.9498207256987519
2025-09-05,1000PEPEUSDT,15,LONG,STOP,STOP,2025-09-05 04:45 -03,2025-09-05 05:19 -03,0.009699,0.009626,480.0,-3.708011506303723,0.576,-4.284011506303723,4.1279307145066895,-1.0378109039593428
2025-09-05,1000TOSHIUSDT,15,LONG,STOP,STOP,2025-09-05 04:45 -03,2025-09-05 05:19 -03,0.5768,0.5729,480.0,-3.3408337390948435,0.576,-3.9168337390948436,4.654252427184494,-0.8415602291395832
2025-09-05,1000TURBOUSDT,15,LONG,STOP,STOP,2025-09-05 04:45 -03,2025-09-05 06:27 -03,3.822,3.7962,480.0,-3.3355308111261035,0.576,-3.9115308111261036,4.565597488226025,-0.8567401793989375
2025-09-05,AIXBTUSDT,15,LONG,STOP,STOP,2025-09-05 04:45 -03,2025-09-05 05:23 -03,0.10473,0.10391,480.0,-3.8534742916427196,0.576,-4.42947429164272,5.487573761099979,-0.8071826429089922
2025-09-05,ANIMEUSDT,15,LONG,STOP,STOP,2025-09-05 04:45 -03,2025-09-05 05:33 -03,0.01507,0.015,480.0,-2.3251397487988403,0.576,-2.9011397487988404,3.0714266755142594,-0.9445577105672213
2025-09-05,ANKRUSDT,15,LONG,STOP,STOP,2025-09-05 04:45 -03,2025-09-05 06:03 -03,0.01484,0.01479,480.0,-1.7129176570214038,0.576,-2.2889176570214036,2.0273854447439024,-1.1289997483978869
2025-09-05,ARKMUSDT,15,LONG,STOP,STOP,2025-09-05 04:45 -03,2025-09-05 05:19 -03,0.4776,0.4738,480.0,-3.9143221356256523,0.576,-4.490322135625652,5.007175879396953,-0.8967773938403081
2025-09-05,ARUSDT,15,LONG,STOP,STOP,2025-09-05 04:45 -03,2025-09-05 05:23 -03,6.516,6.466,480.0,-3.778495078668909,0.576,-4.354495078668909,4.534332965009212,-0.9603386236237863
2025-09-05,ATAUSDT,15,LONG,STOP,STOP,2025-09-05 04:45 -03,2025-09-05 05:19 -03,0.04496,0.04474,480.0,-2.4442751454391396,0.576,-3.0202751454391397,3.4830960854092545,-0.867123694373842
2025-09-05,ATHUSDT,15,LONG,STOP,STOP,2025-09-05 04:45 -03,2025-09-05 06:21 -03,0.03065,0.0305,480.0,-2.4446234006289704,0.576,-3.0206234006289705,3.3977422512234705,-0.8890089881130019
2025-09-05,ATOMUSDT,15,LONG,STOP,STOP,2025-09-05 04:45 -03,2025-09-05 06:24 -03,4.459,4.44,480.0,-2.1408830186726853,0.576,-2.7168830186726853,2.992983538910129,-0.9077507388036008
2025-09-05,AUDIOUSDT,15,LONG,STOP,STOP,2025-09-05 04:45 -03,2025-09-05 05:14 -03,0.06179,0.06153,480.0,-2.11533078768511,0.576,-2.6913307876851102,2.9339116361871262,-0.9173182840580465
2025-09-05,BANDUSDT,15,LONG,STOP,STOP,2025-09-05 04:45 -03,2025-09-05 05:19 -03,0.7391,0.731,480.0,-5.355390316738821,0.576,-5.9313903167388204,5.22914247057232,-1.1342950302307675
2025-09-05,BATUSDT,15,LONG,STOP,STOP,2025-09-05 04:45 -03,2025-09-05 06:15 -03,0.1527,0.152,480.0,-2.295943293686382,0.576,-2.8719432936863822,2.9301060903732745,-0.9801499348852987
2025-09-05,BLURUSDT,15,LONG,STOP,STOP,2025-09-05 04:45 -03,2025-09-05 06:03 -03,0.07632,0.07582,480.0,-3.2400156210794018,0.576,-3.816015621079402,4.113899371069179,-0.9275909002333329
2025-09-05,CELRUSDT,15,LONG,STOP,STOP,2025-09-05 04:45 -03,2025-09-05 06:05 -03,0.007739,0.007681,480.0,-3.692635000616702,0.576,-4.268635000616702,5.133686522806579,-0.8314950633727135
2025-09-05,CFXUSDT,15,LONG,STOP,STOP,2025-09-05 04:45 -03,2025-09-05 05:19 -03,0.17353,0.17261,480.0,-2.640286423728878,0.576,-3.216286423728878,2.9429286002420842,-1.092886325364573
2025-09-05,CHESSUSDT,15,LONG,STOP,STOP,2025-09-05 04:45 -03,2025-09-05 05:19 -03,0.07195,0.07136,480.0,-4.031269979325901,0.576,-4.607269979325901,3.323708130646275,-1.3861836834722443
2025-09-05,CHILLGUYUSDT,15,LONG,STOP,STOP,2025-09-05 04:45 -03,2025-09-05 06:03 -03,0.041965,0.041552,480.0,-4.8189823219513235,0.576,-5.394982321951323,5.932029071845555,-0.9094666018339072
2025-09-05,COMPUSDT,15,LONG,STOP,STOP,2025-09-05 04:45 -03,2025-09-05 06:03 -03,43.5,43.26,480.0,-2.7437366608167126,0.576,-3.3197366608167127,3.848275862068994,-0.8626555839039781
2025-09-05,CTCUSDT,15,LONG,STOP,STOP,2025-09-05 04:45 -03,2025-09-05 05:15 -03,0.6052,0.6024,480.0,-2.3162997646038175,0.576,-2.8922997646038175,2.4346120290812836,-1.1879920620022753
2025-09-05,CTSIUSDT,15,LONG,STOP,STOP,2025-09-05 04:45 -03,2025-09-05 05:19 -03,0.07613,0.07556,480.0,-3.6891243228232664,0.576,-4.265124322823266,4.002543018520915,-1.0656036182715118
2025-09-05,DENTUSDT,15,LONG,STOP,STOP,2025-09-05 04:45 -03,2025-09-05 05:19 -03,0.0007483,0.0007435,480.0,-3.174353685839493,0.576,-3.7503536858394932,3.2393425096885844,-1.1577515111855323
2025-09-05,HEIUSDT,15,LONG,STOP,STOP,2025-09-05 05:00 -03,2025-09-05 07:14 -03,0.4281,0.413,480.0,-17.023228300856,0.576,-17.599228300856,5.532086895585178,-3.1813000469860433
2025-09-05,NILUSDT,15,LONG,STOP,STOP,2025-09-05 05:00 -03,2025-09-05 05:50 -03,0.2713,0.2685,480.0,-5.048925258598319,0.576,-5.624925258598319,7.165499447106521,-0.7850011433424509
2025-09-05,PAXGUSDT,15,SHORT,STOP,STOP,2025-09-05 05:00 -03,2025-09-05 06:40 -03,3549.77,3554.46,480.0,-0.7303183829455556,0.576,-1.3063183829455556,0.811682366350519,-1.6093960360615147
2025-09-05,WAXPUSDT,15,LONG,STOP,STOP,2025-09-05 05:00 -03,2025-09-05 05:30 -03,0.0198,0.01974,480.0,-1.5502449755024015,0.576,-2.1262449755024013,1.7532121212120542,-1.2127710901476412
2025-09-05,CATIUSDT,15,LONG,STOP,STOP,2025-09-05 05:00 -03,2025-09-05 05:33 -03,0.0867,0.08602,480.0,-3.8599434174229565,0.576,-4.435943417422957,4.19078200692042,-1.0585001582276745
2025-09-05,CGPTUSDT,15,LONG,STOP,STOP,2025-09-05 05:00 -03,2025-09-05 05:59 -03,0.07934,0.07878,480.0,-3.4832634709808272,0.576,-4.059263470980827,4.968490042853599,-0.8170014302070399
2025-09-05,GPSUSDT,15,LONG,STOP,STOP,2025-09-05 05:15 -03,2025-09-05 05:53 -03,0.01025,0.01009,480.0,-7.587174941042488,0.576,-8.163174941042488,10.913092682926845,-0.748016641864821
2025-09-05,GTCUSDT,15,LONG,STOP,STOP,2025-09-05 05:15 -03,2025-09-05 05:33 -03,0.3518,0.3465,480.0,-7.325925736022218,0.576,-7.901925736022218,8.201082433200648,-0.96352229115911
2025-09-05,ROAMUSDT,15,LONG,STOP,STOP,2025-09-05 05:15 -03,2025-09-05 06:12 -03,0.1401,0.1388,480.0,-4.549061153841783,0.576,-5.1250611538417825,6.552462526766634,-0.7821580257660452
2025-09-05,AIOUSDT,15,SHORT,STOP,STOP,2025-09-05 05:15 -03,2025-09-05 07:45 -03,0.06541,0.06543,480.0,3.5996275242873326,0.576,3.0236275242873325,9.234477908576656,0.32742809655531196
2025-09-05,BDXNUSDT,15,LONG,STOP,STOP,2025-09-05 05:15 -03,2025-09-05 06:21 -03,0.04249,0.04193,480.0,-6.420919687273396,0.576,-6.996919687273396,5.6645422452341405,-1.2352136120372745
2025-09-05,USELESSUSDT,15,LONG,STOP,STOP,2025-09-05 05:30 -03,2025-09-05 06:03 -03,0.1655,0.1619,480.0,-10.534990005531235,0.576,-11.110990005531235,15.52180785498488,-0.7158309205562614
2025-09-05,ARUSDT,15,LONG,STOP,STOP,2025-09-05 05:30 -03,2025-09-05 06:27 -03,6.546,6.491,480.0,-4.128181132390882,0.576,-4.7041811323908815,5.739164802933054,-0.8196630161215732
2025-09-05,MUSDT,15,LONG,STOP,STOP,2025-09-05 05:45 -03,2025-09-05 07:32 -03,1.6891,1.5851,480.0,-29.64428061367682,0.576,-30.22028061367682,30.34380060387186,-0.995929317101455
2025-09-05,PEAQUSDT,15,LONG,CLOSED_TP3,TP3,2025-09-05 05:45 -03,2025-09-05 06:21 -03,0.0613,0.063,480.0,10.936876948520489,0.576,10.360876948520488,5.285481239804257,1.960252336247852
2025-09-05,TWTUSDT,15,LONG,STOP,STOP,2025-09-05 05:45 -03,2025-09-05 06:18 -03,0.7292,0.727,480.0,-1.5438631671665843,0.576,-2.119863167166584,1.8619221064180123,-1.1385348290669377
2025-09-05,ERAUSDT,15,LONG,STOP,STOP,2025-09-05 05:45 -03,2025-09-05 06:12 -03,0.7106,0.707,480.0,-2.5272519187709968,0.576,-3.103251918770997,3.4087903180410484,-0.9103674996807556
2025-09-05,HUSDT,15,LONG,STOP,STOP,2025-09-05 05:45 -03,2025-09-05 07:45 -03,0.032412,0.03206,480.0,-5.307832045377477,0.576,-5.883832045377477,7.778008145131405,-0.7564702859125217
2025-09-05,AIXBTUSDT,15,LONG,STOP,STOP,2025-09-05 06:00 -03,2025-09-05 06:32 -03,0.10534,0.10418,480.0,-5.380674767154,0.576,-5.9566747671539995,7.616161002468205,-0.7821098799281675
2025-09-05,FRAGUSDT,15,SHORT,STOP,STOP,2025-09-05 06:00 -03,2025-09-05 06:32 -03,0.04005,0.04024,480.0,-2.3736186352717117,0.576,-2.9496186352717118,2.9469962546817143,-1.0008898486334454
2025-09-05,CUSDT,15,SHORT,STOP,STOP,2025-09-05 06:15 -03,2025-09-05 07:11 -03,0.21868,0.22149,480.0,-6.265159898100627,0.576,-6.841159898100627,8.31470276202675,-0.8227786481248862
2025-09-05,XMRUSDT,15,LONG,STOP,STOP,2025-09-05 06:15 -03,2025-09-05 07:37 -03,272.15,270.11,480.0,-3.693286669863222,0.576,-4.269286669863222,4.696884588646022,-0.9089613741379869
2025-09-05,PUMPBTCUSDT,15,LONG,STOP,STOP,2025-09-05 06:30 -03,2025-09-05 06:48 -03,0.03895,0.03809,480.0,-10.692073796471407,0.576,-11.268073796471407,11.209940949935856,-1.0051858298625458
2025-09-05,LAUSDT,15,LONG,STOP,STOP,2025-09-05 06:45 -03,2025-09-05 07:06 -03,0.3246,0.3178,480.0,-10.149432376540485,0.576,-10.725432376540486,11.52626987061001,-0.9305206712093804
